ID,Flow category,Transaction UTC,Asset,Amount (numeric),USD / asset,USD reference value,CAD / USD,CAD reference value,Price method,Evidence / interpretation,FX reference date,Block,Transaction hash,From address,To address,Exact amount (text),Source URL,Valuation coverage
T001,Private funding,2022-01-18 15:56:50,GMI,120000000,0.04807573620455228,5769088.344546273,1.2529,7228090.786882025,"Previous completed block pool reserve ratio multiplied by Chainlink BNB/USD answer available at same block. Marginal mark, not cash received or executable liquidation value. State block 14476741. Oracle observation age 75 seconds. Pool reserve update age 3 seconds.","Calldata establishes a120,000,000 GMI vesting schedule for0x3604; funding is token allocation, not sale proceeds or investment cash. GMI dollar value is a marginal market mark, not cash received or an executable liquidation quote.",2022-01-18 00:00:00,14476742,0xac39350f0f652c95dfb73e0cd8f2028a2c8aa34a51d081374a6c850647625787,0x0d2c8df71c846d0dbc9c8bc75ea39c45d5197dca,0x74e0ddf89807107378beb02e6bc504243e0cdf6c,120000000,https://bscscan.com/tx/0xac39350f0f652c95dfb73e0cd8f2028a2c8aa34a51d081374a6c850647625787,Available
T002,Private other forwarding GMI,2022-02-01 11:27:09,GMI,10000,0.05087524577435607,508.75245774356074,1.2694,645.810369859676,"Previous completed block GMI/WBNB reserve ratio multiplied by the BNB/USD oracle answer at that block. Marginal token mark, not cash received or an executable bulk-sale value. State block 14873634. Oracle observation age 3 seconds. Pool reserve update age 3 seconds.","Token transfer event; category based on all successful receipt events. LP receipts and redemptions are not sale proceeds. GMI dollar value is a marginal market mark, not cash received or an executable liquidation quote.",2022-02-01 00:00:00,14873635,0xdb0e3d669432d65c6b3d8870ffcae8be05339c8895b69cb3ab5cbf8fab9495f5,0x36048413c4edf0cf3e633aab317fcd9824dfb4d4,0x05ac886fccc4be14cd013772fc850853ee0927ad,10000,https://bscscan.com/tx/0xdb0e3d669432d65c6b3d8870ffcae8be05339c8895b69cb3ab5cbf8fab9495f5,Available
T003,Private other forwarding GMI,2022-03-10 13:15:25,GMI,10000,0.02368171535772069,236.81715357720688,1.2776,302.5575954102395,"Previous completed block GMI/WBNB reserve ratio multiplied by the BNB/USD oracle answer at that block. Marginal token mark, not cash received or an executable bulk-sale value. State block 15937955. Oracle observation age 9 seconds. Pool reserve update age 9 seconds.","Token transfer event; category based on all successful receipt events. LP receipts and redemptions are not sale proceeds. GMI dollar value is a marginal market mark, not cash received or an executable liquidation quote.",2022-03-10 00:00:00,15937956,0xac69cf1d77454ccaa2b5e3331d317d89d7a89891da4865203d5551af6f6cbf38,0x36048413c4edf0cf3e633aab317fcd9824dfb4d4,0x9f3cbb6fd7d9583db18f41addd6e12e84d10ee00,10000,https://bscscan.com/tx/0xac69cf1d77454ccaa2b5e3331d317d89d7a89891da4865203d5551af6f6cbf38,Available
T004,Private other forwarding GMI,2022-03-10 13:16:43,GMI,10000,0.023667709050887362,236.67709050887362,1.2776,302.378650834137,"Previous completed block GMI/WBNB reserve ratio multiplied by the BNB/USD oracle answer at that block. Marginal token mark, not cash received or an executable bulk-sale value. State block 15937981. Oracle observation age 87 seconds. Pool reserve update age 15 seconds.","Token transfer event; category based on all successful receipt events. LP receipts and redemptions are not sale proceeds. GMI dollar value is a marginal market mark, not cash received or an executable liquidation quote.",2022-03-10 00:00:00,15937982,0x4a04b6856eae8a2ace67eed1d3fdaa5d14d934dc420cdf2c4eed8658696dac89,0x36048413c4edf0cf3e633aab317fcd9824dfb4d4,0xd697c0eda3bde7fd89f897baf1f5b1cc7a2fc895,10000,https://bscscan.com/tx/0x4a04b6856eae8a2ace67eed1d3fdaa5d14d934dc420cdf2c4eed8658696dac89,Available
T005,Private other forwarding GMI,2022-03-10 13:31:47,GMI,10000,0.023573366758979024,235.73366758979023,1.2776,301.173333712716,"Previous completed block GMI/WBNB reserve ratio multiplied by the BNB/USD oracle answer at that block. Marginal token mark, not cash received or an executable bulk-sale value. State block 15938281. Oracle observation age 87 seconds. Pool reserve update age 6 seconds.","Token transfer event; category based on all successful receipt events. LP receipts and redemptions are not sale proceeds. GMI dollar value is a marginal market mark, not cash received or an executable liquidation quote.",2022-03-10 00:00:00,15938282,0x76153356f5ce09e4e6913a335f84444ed3b9d380151ebbdd7214990e14d0df93,0x36048413c4edf0cf3e633aab317fcd9824dfb4d4,0xe5d5245dce768ef43f1c5fa9c96b7e1520d96dc8,10000,https://bscscan.com/tx/0x76153356f5ce09e4e6913a335f84444ed3b9d380151ebbdd7214990e14d0df93,Available
T006,Private other forwarding GMI,2022-03-10 13:33:32,GMI,10000,0.023674114518222003,236.74114518222004,1.2776,302.46048708480436,"Previous completed block GMI/WBNB reserve ratio multiplied by the BNB/USD oracle answer at that block. Marginal token mark, not cash received or an executable bulk-sale value. State block 15938316. Oracle observation age 18 seconds. Pool reserve update age 15 seconds.","Token transfer event; category based on all successful receipt events. LP receipts and redemptions are not sale proceeds. GMI dollar value is a marginal market mark, not cash received or an executable liquidation quote.",2022-03-10 00:00:00,15938317,0xe7858302265b4e9d6ad3b4e1545e35452c0725b5960bfed3ed79cdad48393f94,0x36048413c4edf0cf3e633aab317fcd9824dfb4d4,0x2dbd4719bccda966b306da94ac39aba0ff43be0e,10000,https://bscscan.com/tx/0xe7858302265b4e9d6ad3b4e1545e35452c0725b5960bfed3ed79cdad48393f94,Available
T007,"Project IDs 1, 3, 4 withdrawals",2022-03-10 15:25:05,BUSD,252.5,1.00004094,252.51033735000001,1.2776,322.60720699836,Historical USD oracle answer available at the previous completed block. State block 15940531. Oracle observation age 30542 seconds.,Project ID 1; actual stablecoin transfer; project name and commercial purpose not independently established.,2022-03-10 00:00:00,15940532,0x4b0b66e2f020479b6381a1b31be240bfb86347cf1813ddb520c094576e6158df,0x56c0cb2d047b69278f49b4759c1718436a546c7f,0x8fea0bb760218398d32d4a9ef18553c403e3c2a0,252.5,https://bscscan.com/tx/0x4b0b66e2f020479b6381a1b31be240bfb86347cf1813ddb520c094576e6158df,Available
T008,"Project IDs 1, 3, 4 withdrawals",2022-03-11 09:35:55,BUSD,110,0.99992486,109.9917346,1.272,139.9094864112,Historical USD oracle answer available at the previous completed block. State block 15962171. Oracle observation age 9569 seconds.,Project ID 3; actual stablecoin transfer; project name and commercial purpose not independently established.,2022-03-11 00:00:00,15962172,0x4389510604c93f928c4e1a2f6fda07979d792228de1b6bb66a8242a7a7ee05b5,0x56c0cb2d047b69278f49b4759c1718436a546c7f,0x8fea0bb760218398d32d4a9ef18553c403e3c2a0,110,https://bscscan.com/tx/0x4389510604c93f928c4e1a2f6fda07979d792228de1b6bb66a8242a7a7ee05b5,Available
T009,Private earlier other incoming GMI,2022-03-11 10:10:10,GMI,10000,0.01683535340813674,168.3535340813674,1.272,214.14569535149934,"Previous completed block GMI/WBNB reserve ratio multiplied by the BNB/USD oracle answer at that block. Marginal token mark, not cash received or an executable bulk-sale value. State block 15962855. Oracle observation age 18 seconds. Pool reserve update age 36 seconds.","Token transfer event; category based on all successful receipt events. LP receipts and redemptions are not sale proceeds. GMI dollar value is a marginal market mark, not cash received or an executable liquidation quote.",2022-03-11 00:00:00,15962856,0x2bb55dffcc3ae56b0b81a68b277d2318e27438e3bacbe79cb12d94f0162228bb,0x2dbd4719bccda966b306da94ac39aba0ff43be0e,0x36048413c4edf0cf3e633aab317fcd9824dfb4d4,10000,https://bscscan.com/tx/0x2bb55dffcc3ae56b0b81a68b277d2318e27438e3bacbe79cb12d94f0162228bb,Available
T010,Private other forwarding GMI,2022-03-11 10:21:43,GMI,10000,0.02379282057020216,237.9282057020216,1.272,302.64467765297144,"Previous completed block GMI/WBNB reserve ratio multiplied by the BNB/USD oracle answer at that block. Marginal token mark, not cash received or an executable bulk-sale value. State block 15963086. Oracle observation age 18 seconds. Pool reserve update age 12 seconds.","Token transfer event; category based on all successful receipt events. LP receipts and redemptions are not sale proceeds. GMI dollar value is a marginal market mark, not cash received or an executable liquidation quote.",2022-03-11 00:00:00,15963087,0x43060bbf502f7ae2d1c1db8cbf4e5bcdaef9c1d16356855c26f9c48aaaa0deb3,0x36048413c4edf0cf3e633aab317fcd9824dfb4d4,0xe5d5245dce768ef43f1c5fa9c96b7e1520d96dc8,10000,https://bscscan.com/tx/0x43060bbf502f7ae2d1c1db8cbf4e5bcdaef9c1d16356855c26f9c48aaaa0deb3,Available
T011,Private other forwarding GMI,2022-03-11 10:22:10,GMI,10000,0.02362253030129305,236.22530301293048,1.272,300.4785854324476,"Previous completed block GMI/WBNB reserve ratio multiplied by the BNB/USD oracle answer at that block. Marginal token mark, not cash received or an executable bulk-sale value. State block 15963095. Oracle observation age 45 seconds. Pool reserve update age 3 seconds.","Token transfer event; category based on all successful receipt events. LP receipts and redemptions are not sale proceeds. GMI dollar value is a marginal market mark, not cash received or an executable liquidation quote.",2022-03-11 00:00:00,15963096,0xbe801f3b0e1fffdc58e884ad6359bf07ee93a0db6d5cc2c7a98a5d782fe2d39b,0x36048413c4edf0cf3e633aab317fcd9824dfb4d4,0x35b119730f79881dac623dc51c831c6a04cab5f3,10000,https://bscscan.com/tx/0xbe801f3b0e1fffdc58e884ad6359bf07ee93a0db6d5cc2c7a98a5d782fe2d39b,Available
T012,Private other forwarding BUSD,2022-03-11 10:54:34,BUSD,2000,0.99992486,1999.8497200000002,1.272,2543.8088438400005,Chainlink USD answer available at the immediately preceding completed block; oracle age is recorded. State block 15963742. Oracle observation age 14288 seconds.,Token transfer event; category based on all successful receipt events. LP receipts and redemptions are not sale proceeds.,2022-03-11 00:00:00,15963743,0x9397957fd74ccd8680e56b5c8734c1917efec4c57611bf4a59fa8705b5ce6a62,0x36048413c4edf0cf3e633aab317fcd9824dfb4d4,0x391a51d884b240908a88e1e757ec42189d294423,2000,https://bscscan.com/tx/0x9397957fd74ccd8680e56b5c8734c1917efec4c57611bf4a59fa8705b5ce6a62,Available
T013,Project IDs 6–9 withdrawals,2022-03-18 06:58:39,BUSD,23722.715761539595,1.00031485,23730.184858597117,1.2617,29940.374236091982,Historical USD oracle answer available at the previous completed block. State block 16160045. Oracle observation age 3 seconds.,Project ID 7; actual stablecoin transfer; project name and commercial purpose not independently established.,2022-03-18 00:00:00,16160046,0xa68d28501388dd1939659be1a24f6fbed8c0c22d6df5bbe43196ff408b3ffba4,0x56c0cb2d047b69278f49b4759c1718436a546c7f,0xd2b806f9c0352a267ce7ccf33e74d68c070d6171,23722.715761539594859905,https://bscscan.com/tx/0xa68d28501388dd1939659be1a24f6fbed8c0c22d6df5bbe43196ff408b3ffba4,Available
T014,Project IDs 6–9 withdrawals,2022-03-18 12:23:52,BUSD,28421.14128096912,1.00031485,28430.089677301436,1.2617,35870.244145851226,Historical USD oracle answer available at the previous completed block. State block 16166500. Oracle observation age 19516 seconds.,Project ID 6; actual stablecoin transfer; project name and commercial purpose not independently established.,2022-03-18 00:00:00,16166501,0x4e2b2cebb9895bb8ed1ffa817e730273d9271e97e559a2fdd7ba2d4e86fd5299,0x56c0cb2d047b69278f49b4759c1718436a546c7f,0x56aa83035aea8bfeb9e395a51607cc4621649aa2,28421.141280969119319259,https://bscscan.com/tx/0x4e2b2cebb9895bb8ed1ffa817e730273d9271e97e559a2fdd7ba2d4e86fd5299,Available
T015,"Project IDs 1, 3, 4 withdrawals",2022-03-23 14:58:07,BUSD,2000,1,2000,1.2571,2514.2000000000003,Historical USD oracle answer available at the previous completed block. State block 16311926. Oracle observation age 28642 seconds.,Project ID 4; actual stablecoin transfer; project name and commercial purpose not independently established.,2022-03-23 00:00:00,16311927,0x33f6c2ae7893cf8763b5306d4220780592390cc22ab9399034f4b3ac6ee09683,0x56c0cb2d047b69278f49b4759c1718436a546c7f,0x35b119730f79881dac623dc51c831c6a04cab5f3,2000,https://bscscan.com/tx/0x33f6c2ae7893cf8763b5306d4220780592390cc22ab9399034f4b3ac6ee09683,Available
T016,Launchpool upstream funding,2022-04-19 13:32:12,GMI,15456876,0.014012120414243974,216583.60774003773,1.2624,273415.1464110236,"Previous completed block pool reserve ratio multiplied by Chainlink BNB/USD answer available at same block. Marginal mark, not cash received or executable liquidation value. State block 17082610. Oracle observation age 63 seconds. Pool reserve update age 30 seconds.",Upstream transfer to the wallet that subsequently funded Launchpool. Successive funding legs must not be added. Token market mark only; not investment cash or guaranteed liquidation proceeds.,2022-04-19 00:00:00,17082611,0x00f1ad6f5d7560d5325d08d0afcf253a99b46d588a6509abb37349bacdea965f,0x78d09e1435e1906878621bcb0aaa9d47561214c3,0x3e0f4c7bdbf9bcc4aa9f22b3d03048b3ef2d7199,15456876,https://bscscan.com/tx/0x00f1ad6f5d7560d5325d08d0afcf253a99b46d588a6509abb37349bacdea965f,Available
T017,Launchpool opening deposits,2022-04-19 15:22:53,GMI,10,0.013982550490194479,0.13982550490194479,1.2624,0.1765157173882151,"Previous completed block pool reserve ratio multiplied by Chainlink BNB/USD answer available at same block. Marginal mark, not cash received or executable liquidation value. State block 17084823. Oracle observation age 9 seconds. Pool reserve update age 33 seconds.","39 opening deposits, including the initial 10 GMI transfer. Bounded opening window, not lifetime inflows. Token market mark only; not investment cash or guaranteed liquidation proceeds.",2022-04-19 00:00:00,17084824,0x020b2a285f0c7f1bc3560d814e2d6a13358d35ee2a96b8b70e36ce2f0b840ccc,0x3e0f4c7bdbf9bcc4aa9f22b3d03048b3ef2d7199,0xf50488dc8339fb7d1d5a8e8b401c4a5d71a090bb,10,https://bscscan.com/tx/0x020b2a285f0c7f1bc3560d814e2d6a13358d35ee2a96b8b70e36ce2f0b840ccc,Available
T018,Launchpool upstream funding,2022-04-19 16:19:46,GMI,5,0.01383631004810799,0.06918155024053996,1.2624,0.08733478902365764,"Previous completed block pool reserve ratio multiplied by Chainlink BNB/USD answer available at same block. Marginal mark, not cash received or executable liquidation value. State block 17085952. Oracle observation age 30 seconds. Pool reserve update age 21 seconds.",Upstream transfer to the wallet that subsequently funded Launchpool. Successive funding legs must not be added. Token market mark only; not investment cash or guaranteed liquidation proceeds.,2022-04-19 00:00:00,17085953,0x19d1cd7e49be9a4226dec5323cc5bc8c36a6e465dceec4fb70fa3f598b019bfd,0xe5d5245dce768ef43f1c5fa9c96b7e1520d96dc8,0x3e0f4c7bdbf9bcc4aa9f22b3d03048b3ef2d7199,5,https://bscscan.com/tx/0x19d1cd7e49be9a4226dec5323cc5bc8c36a6e465dceec4fb70fa3f598b019bfd,Available
T019,Launchpool opening deposits,2022-04-19 16:30:49,GMI,458882.59345627367,0.0138638203109749,6361.865819511924,1.2624,8031.219410551853,"Previous completed block pool reserve ratio multiplied by Chainlink BNB/USD answer available at same block. Marginal mark, not cash received or executable liquidation value. State block 17086173. Oracle observation age 63 seconds. Pool reserve update age 30 seconds.","39 opening deposits, including the initial 10 GMI transfer. Bounded opening window, not lifetime inflows. Token market mark only; not investment cash or guaranteed liquidation proceeds.",2022-04-19 00:00:00,17086174,0x8a5f1c2ac6bd2a1f8ff17d16c55a64ac384401a27c15a1c1899c6c10d8e237bd,0x3e0f4c7bdbf9bcc4aa9f22b3d03048b3ef2d7199,0xf50488dc8339fb7d1d5a8e8b401c4a5d71a090bb,458882.5934562736916,https://bscscan.com/tx/0x8a5f1c2ac6bd2a1f8ff17d16c55a64ac384401a27c15a1c1899c6c10d8e237bd,Available
T020,Launchpool opening deposits,2022-04-19 16:33:22,GMI,366206.75152506464,0.013858642326266832,5075.128386849941,1.2624,6406.842075559366,"Previous completed block pool reserve ratio multiplied by Chainlink BNB/USD answer available at same block. Marginal mark, not cash received or executable liquidation value. State block 17086224. Oracle observation age 36 seconds. Pool reserve update age 39 seconds.","39 opening deposits, including the initial 10 GMI transfer. Bounded opening window, not lifetime inflows. Token market mark only; not investment cash or guaranteed liquidation proceeds.",2022-04-19 00:00:00,17086225,0xec5e3fa4180a89f6732e45f9be8b32dca79a4216d2fae9930bf364f294e2bd1b,0x3e0f4c7bdbf9bcc4aa9f22b3d03048b3ef2d7199,0xf50488dc8339fb7d1d5a8e8b401c4a5d71a090bb,366206.751525064626544,https://bscscan.com/tx/0xec5e3fa4180a89f6732e45f9be8b32dca79a4216d2fae9930bf364f294e2bd1b,Available
T021,Launchpool opening deposits,2022-04-19 16:34:43,GMI,399040.530566741,0.01385627780561439,5529.216447232524,1.2624,6980.082842986338,"Previous completed block pool reserve ratio multiplied by Chainlink BNB/USD answer available at same block. Marginal mark, not cash received or executable liquidation value. State block 17086251. Oracle observation age 27 seconds. Pool reserve update age 42 seconds.","39 opening deposits, including the initial 10 GMI transfer. Bounded opening window, not lifetime inflows. Token market mark only; not investment cash or guaranteed liquidation proceeds.",2022-04-19 00:00:00,17086252,0x562dd1aec6bf5e91ff8fe33a907ddb4b2241aa672ee78cc75c46703f0a65fa1b,0x3e0f4c7bdbf9bcc4aa9f22b3d03048b3ef2d7199,0xf50488dc8339fb7d1d5a8e8b401c4a5d71a090bb,399040.53056674101,https://bscscan.com/tx/0x562dd1aec6bf5e91ff8fe33a907ddb4b2241aa672ee78cc75c46703f0a65fa1b,Available
T022,Launchpool opening deposits,2022-04-19 16:36:22,GMI,431061.7431797661,0.013842118957445167,5966.807927098001,1.2624,7532.498327168516,"Previous completed block pool reserve ratio multiplied by Chainlink BNB/USD answer available at same block. Marginal mark, not cash received or executable liquidation value. State block 17086284. Oracle observation age 36 seconds. Pool reserve update age 24 seconds.","39 opening deposits, including the initial 10 GMI transfer. Bounded opening window, not lifetime inflows. Token market mark only; not investment cash or guaranteed liquidation proceeds.",2022-04-19 00:00:00,17086285,0xe958fb6a25e98a3807872140d8b086a3dbc1585c4fb3944c6f7a32b223cfa6ac,0x3e0f4c7bdbf9bcc4aa9f22b3d03048b3ef2d7199,0xf50488dc8339fb7d1d5a8e8b401c4a5d71a090bb,431061.7431797660877,https://bscscan.com/tx/0xe958fb6a25e98a3807872140d8b086a3dbc1585c4fb3944c6f7a32b223cfa6ac,Available
T023,Launchpool opening deposits,2022-04-19 16:37:49,GMI,337679.1659489149,0.013843516135727443,4674.666982512788,1.2624,5901.299598724144,"Previous completed block pool reserve ratio multiplied by Chainlink BNB/USD answer available at same block. Marginal mark, not cash received or executable liquidation value. State block 17086313. Oracle observation age 33 seconds. Pool reserve update age 24 seconds.","39 opening deposits, including the initial 10 GMI transfer. Bounded opening window, not lifetime inflows. Token market mark only; not investment cash or guaranteed liquidation proceeds.",2022-04-19 00:00:00,17086314,0x5deafdf0447762c763f4ccf7f2ef72fff0eae8324c4af63e383581ce9cca40b4,0x3e0f4c7bdbf9bcc4aa9f22b3d03048b3ef2d7199,0xf50488dc8339fb7d1d5a8e8b401c4a5d71a090bb,337679.1659489148667,https://bscscan.com/tx/0x5deafdf0447762c763f4ccf7f2ef72fff0eae8324c4af63e383581ce9cca40b4,Available
T024,Launchpool opening deposits,2022-04-19 16:45:43,GMI,331852.4708981375,0.013726294187098054,4555.104642263231,1.2624,5750.3641003931025,"Previous completed block pool reserve ratio multiplied by Chainlink BNB/USD answer available at same block. Marginal mark, not cash received or executable liquidation value. State block 17086471. Oracle observation age 87 seconds. Pool reserve update age 27 seconds.","39 opening deposits, including the initial 10 GMI transfer. Bounded opening window, not lifetime inflows. Token market mark only; not investment cash or guaranteed liquidation proceeds.",2022-04-19 00:00:00,17086472,0x0597d21f73149ed14eaeec5422d3d5c8cda0a4ff71a292d33b79d0fd22a63d6f,0x3e0f4c7bdbf9bcc4aa9f22b3d03048b3ef2d7199,0xf50488dc8339fb7d1d5a8e8b401c4a5d71a090bb,331852.47089813748657,https://bscscan.com/tx/0x0597d21f73149ed14eaeec5422d3d5c8cda0a4ff71a292d33b79d0fd22a63d6f,Available
T025,Launchpool opening deposits,2022-04-19 16:47:58,GMI,422884.6633051315,0.013716541906983196,5800.515206045315,1.2624,7322.570396111605,"Previous completed block pool reserve ratio multiplied by Chainlink BNB/USD answer available at same block. Marginal mark, not cash received or executable liquidation value. State block 17086516. Oracle observation age 42 seconds. Pool reserve update age 21 seconds.","39 opening deposits, including the initial 10 GMI transfer. Bounded opening window, not lifetime inflows. Token market mark only; not investment cash or guaranteed liquidation proceeds.",2022-04-19 00:00:00,17086517,0xbf5e4cd1e23a6bef69ab109a42db1c20fd691d2b9a10b994133eb917b655b815,0x3e0f4c7bdbf9bcc4aa9f22b3d03048b3ef2d7199,0xf50488dc8339fb7d1d5a8e8b401c4a5d71a090bb,422884.66330513148782,https://bscscan.com/tx/0xbf5e4cd1e23a6bef69ab109a42db1c20fd691d2b9a10b994133eb917b655b815,Available
T026,Launchpool opening deposits,2022-04-19 16:49:04,GMI,440485.85623327136,0.013694764448704757,6032.350044100679,1.2624,7615.238695672697,"Previous completed block pool reserve ratio multiplied by Chainlink BNB/USD answer available at same block. Marginal mark, not cash received or executable liquidation value. State block 17086538. Oracle observation age 18 seconds. Pool reserve update age 15 seconds.","39 opening deposits, including the initial 10 GMI transfer. Bounded opening window, not lifetime inflows. Token market mark only; not investment cash or guaranteed liquidation proceeds.",2022-04-19 00:00:00,17086539,0x5003a6a10ff422d40fa8ebbc1da4e8cc04951ec4b4ab6fe8b848f13efd414153,0x3e0f4c7bdbf9bcc4aa9f22b3d03048b3ef2d7199,0xf50488dc8339fb7d1d5a8e8b401c4a5d71a090bb,440485.85623327138017,https://bscscan.com/tx/0x5003a6a10ff422d40fa8ebbc1da4e8cc04951ec4b4ab6fe8b848f13efd414153,Available
T027,Launchpool opening deposits,2022-04-19 16:50:01,GMI,288370.5301867586,0.013722147039213806,3957.0628169987453,1.2624,4995.396100179216,"Previous completed block pool reserve ratio multiplied by Chainlink BNB/USD answer available at same block. Marginal mark, not cash received or executable liquidation value. State block 17086557. Oracle observation age 75 seconds. Pool reserve update age 3 seconds.","39 opening deposits, including the initial 10 GMI transfer. Bounded opening window, not lifetime inflows. Token market mark only; not investment cash or guaranteed liquidation proceeds.",2022-04-19 00:00:00,17086558,0x50096f1e9322f81becdefcabd01fb4aefe14828adea24a45479677b1f853c788,0x3e0f4c7bdbf9bcc4aa9f22b3d03048b3ef2d7199,0xf50488dc8339fb7d1d5a8e8b401c4a5d71a090bb,288370.530186758633149,https://bscscan.com/tx/0x50096f1e9322f81becdefcabd01fb4aefe14828adea24a45479677b1f853c788,Available
T028,Launchpool opening deposits,2022-04-19 16:51:10,GMI,366971.61695964384,0.01373658938242322,5040.938417178524,1.2624,6363.680657846168,"Previous completed block pool reserve ratio multiplied by Chainlink BNB/USD answer available at same block. Marginal mark, not cash received or executable liquidation value. State block 17086580. Oracle observation age 51 seconds. Pool reserve update age 39 seconds.","39 opening deposits, including the initial 10 GMI transfer. Bounded opening window, not lifetime inflows. Token market mark only; not investment cash or guaranteed liquidation proceeds.",2022-04-19 00:00:00,17086581,0xc730eafea349c136d8481096b4b8dbcd8b941321d946902f539badce1e3bd6d3,0x3e0f4c7bdbf9bcc4aa9f22b3d03048b3ef2d7199,0xf50488dc8339fb7d1d5a8e8b401c4a5d71a090bb,366971.6169596438259,https://bscscan.com/tx/0xc730eafea349c136d8481096b4b8dbcd8b941321d946902f539badce1e3bd6d3,Available
T029,Launchpool opening deposits,2022-04-19 16:52:19,GMI,359343.36837909813,0.013778380086794684,4951.169511196293,1.2624,6250.3563909342,"Previous completed block pool reserve ratio multiplied by Chainlink BNB/USD answer available at same block. Marginal mark, not cash received or executable liquidation value. State block 17086603. Oracle observation age 33 seconds. Pool reserve update age 18 seconds.","39 opening deposits, including the initial 10 GMI transfer. Bounded opening window, not lifetime inflows. Token market mark only; not investment cash or guaranteed liquidation proceeds.",2022-04-19 00:00:00,17086604,0xf75ad88be4981de907e21b4b8b581c33d5a901a2a6a677b6b90c9d83aa83b228,0x3e0f4c7bdbf9bcc4aa9f22b3d03048b3ef2d7199,0xf50488dc8339fb7d1d5a8e8b401c4a5d71a090bb,359343.3683790981212,https://bscscan.com/tx/0xf75ad88be4981de907e21b4b8b581c33d5a901a2a6a677b6b90c9d83aa83b228,Available
T030,Launchpool opening deposits,2022-04-19 16:53:37,GMI,467106.4436230125,0.013772324422253531,6433.141481301208,1.2624,8121.197805994645,"Previous completed block pool reserve ratio multiplied by Chainlink BNB/USD answer available at same block. Marginal mark, not cash received or executable liquidation value. State block 17086629. Oracle observation age 111 seconds. Pool reserve update age 18 seconds.","39 opening deposits, including the initial 10 GMI transfer. Bounded opening window, not lifetime inflows. Token market mark only; not investment cash or guaranteed liquidation proceeds.",2022-04-19 00:00:00,17086630,0xbd4fb2f379c2df3eee2c3658a8524df022ad5aadc16beeb93c018ae5676e5392,0x3e0f4c7bdbf9bcc4aa9f22b3d03048b3ef2d7199,0xf50488dc8339fb7d1d5a8e8b401c4a5d71a090bb,467106.443623012504,https://bscscan.com/tx/0xbd4fb2f379c2df3eee2c3658a8524df022ad5aadc16beeb93c018ae5676e5392,Available
T031,Launchpool opening deposits,2022-04-19 16:54:46,GMI,488810.7314096476,0.013792222676998613,6741.78645450842,1.2624,8510.831220171429,"Previous completed block pool reserve ratio multiplied by Chainlink BNB/USD answer available at same block. Marginal mark, not cash received or executable liquidation value. State block 17086652. Oracle observation age 30 seconds. Pool reserve update age 42 seconds.","39 opening deposits, including the initial 10 GMI transfer. Bounded opening window, not lifetime inflows. Token market mark only; not investment cash or guaranteed liquidation proceeds.",2022-04-19 00:00:00,17086653,0xbd73d66bb89f452a8a3c1d6140c94dc57ec7017567498075c3530027d4fa9f38,0x3e0f4c7bdbf9bcc4aa9f22b3d03048b3ef2d7199,0xf50488dc8339fb7d1d5a8e8b401c4a5d71a090bb,488810.7314096476405,https://bscscan.com/tx/0xbd73d66bb89f452a8a3c1d6140c94dc57ec7017567498075c3530027d4fa9f38,Available
T032,Launchpool opening deposits,2022-04-19 16:55:49,GMI,351362.3394890582,0.013795326824669583,4847.158307132065,1.2624,6119.052646923518,"Previous completed block pool reserve ratio multiplied by Chainlink BNB/USD answer available at same block. Marginal mark, not cash received or executable liquidation value. State block 17086673. Oracle observation age 93 seconds. Pool reserve update age 15 seconds.","39 opening deposits, including the initial 10 GMI transfer. Bounded opening window, not lifetime inflows. Token market mark only; not investment cash or guaranteed liquidation proceeds.",2022-04-19 00:00:00,17086674,0x1887a310642ec35743719a96f2445eb546ffd401bd4e9e7565c4af8b502a5270,0x3e0f4c7bdbf9bcc4aa9f22b3d03048b3ef2d7199,0xf50488dc8339fb7d1d5a8e8b401c4a5d71a090bb,351362.3394890581639,https://bscscan.com/tx/0x1887a310642ec35743719a96f2445eb546ffd401bd4e9e7565c4af8b502a5270,Available
T033,Launchpool opening deposits,2022-04-19 16:56:52,GMI,475436.891471197,0.013799994165847635,6561.026328531254,1.2624,8282.639637137854,"Previous completed block pool reserve ratio multiplied by Chainlink BNB/USD answer available at same block. Marginal mark, not cash received or executable liquidation value. State block 17086694. Oracle observation age 63 seconds. Pool reserve update age 6 seconds.","39 opening deposits, including the initial 10 GMI transfer. Bounded opening window, not lifetime inflows. Token market mark only; not investment cash or guaranteed liquidation proceeds.",2022-04-19 00:00:00,17086695,0xa201472810893101c69f1b7ade2481f45e44813a42bfbe7faa2590f1c086b220,0x3e0f4c7bdbf9bcc4aa9f22b3d03048b3ef2d7199,0xf50488dc8339fb7d1d5a8e8b401c4a5d71a090bb,475436.8914711969995,https://bscscan.com/tx/0xa201472810893101c69f1b7ade2481f45e44813a42bfbe7faa2590f1c086b220,Available
T034,Launchpool opening deposits,2022-04-19 16:58:07,GMI,328253.0673729666,0.013806455739168704,4532.011445931226,1.2624,5721.21124934358,"Previous completed block pool reserve ratio multiplied by Chainlink BNB/USD answer available at same block. Marginal mark, not cash received or executable liquidation value. State block 17086719. Oracle observation age 48 seconds. Pool reserve update age 42 seconds.","39 opening deposits, including the initial 10 GMI transfer. Bounded opening window, not lifetime inflows. Token market mark only; not investment cash or guaranteed liquidation proceeds.",2022-04-19 00:00:00,17086720,0x8e9aa15452d47cbc6ed13157576862a7b74764fdd62e83a91ecfb97b510de9ea,0x3e0f4c7bdbf9bcc4aa9f22b3d03048b3ef2d7199,0xf50488dc8339fb7d1d5a8e8b401c4a5d71a090bb,328253.0673729666334,https://bscscan.com/tx/0x8e9aa15452d47cbc6ed13157576862a7b74764fdd62e83a91ecfb97b510de9ea,Available
T035,Launchpool opening deposits,2022-04-19 16:59:01,GMI,462044.7790815044,0.013806158109639761,6379.063273732824,1.2624,8052.929476760317,"Previous completed block pool reserve ratio multiplied by Chainlink BNB/USD answer available at same block. Marginal mark, not cash received or executable liquidation value. State block 17086737. Oracle observation age 15 seconds. Pool reserve update age 9 seconds.","39 opening deposits, including the initial 10 GMI transfer. Bounded opening window, not lifetime inflows. Token market mark only; not investment cash or guaranteed liquidation proceeds.",2022-04-19 00:00:00,17086738,0x726ced6b9b1ea1d8e428ec398939170227b1e541b61e96ab73c1a19bc2363918,0x3e0f4c7bdbf9bcc4aa9f22b3d03048b3ef2d7199,0xf50488dc8339fb7d1d5a8e8b401c4a5d71a090bb,462044.7790815043877,https://bscscan.com/tx/0x726ced6b9b1ea1d8e428ec398939170227b1e541b61e96ab73c1a19bc2363918,Available
T036,Launchpool opening deposits,2022-04-19 17:01:03,GMI,380556.4634824556,0.013798526836531166,5251.1185741780555,1.2624,6629.012088042377,"Previous completed block pool reserve ratio multiplied by Chainlink BNB/USD answer available at same block. Marginal mark, not cash received or executable liquidation value. State block 17086777. Oracle observation age 31 seconds. Pool reserve update age 3 seconds.","39 opening deposits, including the initial 10 GMI transfer. Bounded opening window, not lifetime inflows. Token market mark only; not investment cash or guaranteed liquidation proceeds.",2022-04-19 00:00:00,17086778,0xa2f21fbeb96907cf74bccb95b2bc1ab8afe61d092399fe639295c3493ed0ae1a,0x3e0f4c7bdbf9bcc4aa9f22b3d03048b3ef2d7199,0xf50488dc8339fb7d1d5a8e8b401c4a5d71a090bb,380556.4634824556,https://bscscan.com/tx/0xa2f21fbeb96907cf74bccb95b2bc1ab8afe61d092399fe639295c3493ed0ae1a,Available
T037,Launchpool opening deposits,2022-04-19 17:02:13,GMI,354062.49860373186,0.01378507056722952,4880.776528462047,1.2624,6161.492289530488,"Previous completed block pool reserve ratio multiplied by Chainlink BNB/USD answer available at same block. Marginal mark, not cash received or executable liquidation value. State block 17086798. Oracle observation age 25 seconds. Pool reserve update age 25 seconds.","39 opening deposits, including the initial 10 GMI transfer. Bounded opening window, not lifetime inflows. Token market mark only; not investment cash or guaranteed liquidation proceeds.",2022-04-19 00:00:00,17086799,0xe2240aefad7458e88c5e9b7bee673a2d63f7da6357abd132c8b46c23b6051bf4,0x3e0f4c7bdbf9bcc4aa9f22b3d03048b3ef2d7199,0xf50488dc8339fb7d1d5a8e8b401c4a5d71a090bb,354062.4986037318471,https://bscscan.com/tx/0xe2240aefad7458e88c5e9b7bee673a2d63f7da6357abd132c8b46c23b6051bf4,Available
T038,Launchpool opening deposits,2022-04-19 17:03:19,GMI,313382.0204564857,0.01378605198734549,4320.30082591248,1.2624,5453.947762631915,"Previous completed block pool reserve ratio multiplied by Chainlink BNB/USD answer available at same block. Marginal mark, not cash received or executable liquidation value. State block 17086820. Oracle observation age 91 seconds. Pool reserve update age 18 seconds.","39 opening deposits, including the initial 10 GMI transfer. Bounded opening window, not lifetime inflows. Token market mark only; not investment cash or guaranteed liquidation proceeds.",2022-04-19 00:00:00,17086821,0x562536343c53d937828952778e59a84c1c94aa5af64e4d835cc0166833b0fff7,0x3e0f4c7bdbf9bcc4aa9f22b3d03048b3ef2d7199,0xf50488dc8339fb7d1d5a8e8b401c4a5d71a090bb,313382.0204564856549,https://bscscan.com/tx/0x562536343c53d937828952778e59a84c1c94aa5af64e4d835cc0166833b0fff7,Available
T039,Launchpool opening deposits,2022-04-19 17:04:28,GMI,423206.1463223757,0.013787345239580027,5834.889246858815,1.2624,7365.964185234568,"Previous completed block pool reserve ratio multiplied by Chainlink BNB/USD answer available at same block. Marginal mark, not cash received or executable liquidation value. State block 17086843. Oracle observation age 69 seconds. Pool reserve update age 15 seconds.","39 opening deposits, including the initial 10 GMI transfer. Bounded opening window, not lifetime inflows. Token market mark only; not investment cash or guaranteed liquidation proceeds.",2022-04-19 00:00:00,17086844,0x5d7b2b12b68c299e0bfeebe67c4f914c38012cbf05e1aed7eeb6fd80482a529a,0x3e0f4c7bdbf9bcc4aa9f22b3d03048b3ef2d7199,0xf50488dc8339fb7d1d5a8e8b401c4a5d71a090bb,423206.14632237570352,https://bscscan.com/tx/0x5d7b2b12b68c299e0bfeebe67c4f914c38012cbf05e1aed7eeb6fd80482a529a,Available
T040,Launchpool opening deposits,2022-04-19 17:05:34,GMI,600036.3532744481,0.013808005871066197,8285.30548886673,1.2624,10459.36964914536,"Previous completed block pool reserve ratio multiplied by Chainlink BNB/USD answer available at same block. Marginal mark, not cash received or executable liquidation value. State block 17086865. Oracle observation age 45 seconds. Pool reserve update age 39 seconds.","39 opening deposits, including the initial 10 GMI transfer. Bounded opening window, not lifetime inflows. Token market mark only; not investment cash or guaranteed liquidation proceeds.",2022-04-19 00:00:00,17086866,0xff8ecb91421dafc810f693e04a84070c647e24bc2de708e10a59ec70a252f0e9,0x3e0f4c7bdbf9bcc4aa9f22b3d03048b3ef2d7199,0xf50488dc8339fb7d1d5a8e8b401c4a5d71a090bb,600036.3532744481064,https://bscscan.com/tx/0xff8ecb91421dafc810f693e04a84070c647e24bc2de708e10a59ec70a252f0e9,Available
T041,Launchpool opening deposits,2022-04-19 17:06:40,GMI,376066.69702782633,0.01383289122133287,5202.089711951867,1.2624,6567.118052368037,"Previous completed block pool reserve ratio multiplied by Chainlink BNB/USD answer available at same block. Marginal mark, not cash received or executable liquidation value. State block 17086887. Oracle observation age 24 seconds. Pool reserve update age 36 seconds.","39 opening deposits, including the initial 10 GMI transfer. Bounded opening window, not lifetime inflows. Token market mark only; not investment cash or guaranteed liquidation proceeds.",2022-04-19 00:00:00,17086888,0xaa80839f43b1e2c86097a92d54ebb471bf8b21fdf784a727784fd44d9d2ad066,0x3e0f4c7bdbf9bcc4aa9f22b3d03048b3ef2d7199,0xf50488dc8339fb7d1d5a8e8b401c4a5d71a090bb,376066.6970278263361,https://bscscan.com/tx/0xaa80839f43b1e2c86097a92d54ebb471bf8b21fdf784a727784fd44d9d2ad066,Available
T042,Launchpool opening deposits,2022-04-19 17:07:43,GMI,384448.6221635328,0.013812810053811034,5310.315793394246,1.2624,6703.742657580896,"Previous completed block pool reserve ratio multiplied by Chainlink BNB/USD answer available at same block. Marginal mark, not cash received or executable liquidation value. State block 17086908. Oracle observation age 87 seconds. Pool reserve update age 27 seconds.","39 opening deposits, including the initial 10 GMI transfer. Bounded opening window, not lifetime inflows. Token market mark only; not investment cash or guaranteed liquidation proceeds.",2022-04-19 00:00:00,17086909,0x860dfc74cfb742e1b566830957ac8a39fd2f37b9a1573471aace3e4e414923dd,0x3e0f4c7bdbf9bcc4aa9f22b3d03048b3ef2d7199,0xf50488dc8339fb7d1d5a8e8b401c4a5d71a090bb,384448.6221635328328,https://bscscan.com/tx/0x860dfc74cfb742e1b566830957ac8a39fd2f37b9a1573471aace3e4e414923dd,Available
T043,Launchpool opening deposits,2022-04-19 17:08:52,GMI,334065.71696434193,0.013790046516336573,4606.781776451603,1.2624,5815.6013145925035,"Previous completed block pool reserve ratio multiplied by Chainlink BNB/USD answer available at same block. Marginal mark, not cash received or executable liquidation value. State block 17086931. Oracle observation age 63 seconds. Pool reserve update age 15 seconds.","39 opening deposits, including the initial 10 GMI transfer. Bounded opening window, not lifetime inflows. Token market mark only; not investment cash or guaranteed liquidation proceeds.",2022-04-19 00:00:00,17086932,0xbe98c1a56f9871f7ae97661c0eeff12d77abbd081c3ab423a6f48c12ee4cdb27,0x3e0f4c7bdbf9bcc4aa9f22b3d03048b3ef2d7199,0xf50488dc8339fb7d1d5a8e8b401c4a5d71a090bb,334065.716964341933,https://bscscan.com/tx/0xbe98c1a56f9871f7ae97661c0eeff12d77abbd081c3ab423a6f48c12ee4cdb27,Available
T044,Launchpool opening deposits,2022-04-19 17:09:55,GMI,456941.0960645957,0.0138002997621357,6305.924099330266,1.2624,7960.598582994527,"Previous completed block pool reserve ratio multiplied by Chainlink BNB/USD answer available at same block. Marginal mark, not cash received or executable liquidation value. State block 17086952. Oracle observation age 39 seconds. Pool reserve update age 30 seconds.","39 opening deposits, including the initial 10 GMI transfer. Bounded opening window, not lifetime inflows. Token market mark only; not investment cash or guaranteed liquidation proceeds.",2022-04-19 00:00:00,17086953,0x2312dc5173bf5bc8f152429d4641e542f091e80f1176606d5f4e7940a43171be,0x3e0f4c7bdbf9bcc4aa9f22b3d03048b3ef2d7199,0xf50488dc8339fb7d1d5a8e8b401c4a5d71a090bb,456941.0960645956783,https://bscscan.com/tx/0x2312dc5173bf5bc8f152429d4641e542f091e80f1176606d5f4e7940a43171be,Available
T045,Launchpool opening deposits,2022-04-19 17:10:58,GMI,344753.2558957723,0.013802327928274136,4758.397492213658,1.2624,6007.000994170521,"Previous completed block pool reserve ratio multiplied by Chainlink BNB/USD answer available at same block. Marginal mark, not cash received or executable liquidation value. State block 17086973. Oracle observation age 9 seconds. Pool reserve update age 6 seconds.","39 opening deposits, including the initial 10 GMI transfer. Bounded opening window, not lifetime inflows. Token market mark only; not investment cash or guaranteed liquidation proceeds.",2022-04-19 00:00:00,17086974,0x0c7feeabec050bd7535cc141521781dce9dab619884076353ebb014a67f52e03,0x3e0f4c7bdbf9bcc4aa9f22b3d03048b3ef2d7199,0xf50488dc8339fb7d1d5a8e8b401c4a5d71a090bb,344753.2558957723187,https://bscscan.com/tx/0x0c7feeabec050bd7535cc141521781dce9dab619884076353ebb014a67f52e03,Available
T046,Launchpool opening deposits,2022-04-19 17:12:34,GMI,366612.85748259583,0.013820959931891596,5066.941613783241,1.2624,6396.507093239964,"Previous completed block pool reserve ratio multiplied by Chainlink BNB/USD answer available at same block. Marginal mark, not cash received or executable liquidation value. State block 17087005. Oracle observation age 15 seconds. Pool reserve update age 27 seconds.","39 opening deposits, including the initial 10 GMI transfer. Bounded opening window, not lifetime inflows. Token market mark only; not investment cash or guaranteed liquidation proceeds.",2022-04-19 00:00:00,17087006,0xefa983fcfceee834a72f7a7d715ba2b4d6517e9ec868bf6bb44352366ea9ecda,0x3e0f4c7bdbf9bcc4aa9f22b3d03048b3ef2d7199,0xf50488dc8339fb7d1d5a8e8b401c4a5d71a090bb,366612.8574825958087,https://bscscan.com/tx/0xefa983fcfceee834a72f7a7d715ba2b4d6517e9ec868bf6bb44352366ea9ecda,Available
T047,Launchpool opening deposits,2022-04-19 17:13:26,GMI,576981.3866025977,0.013821480046319064,7974.736722025309,1.2624,10067.307637884749,"Previous completed block pool reserve ratio multiplied by Chainlink BNB/USD answer available at same block. Marginal mark, not cash received or executable liquidation value. State block 17087021. Oracle observation age 67 seconds. Pool reserve update age 6 seconds.","39 opening deposits, including the initial 10 GMI transfer. Bounded opening window, not lifetime inflows. Token market mark only; not investment cash or guaranteed liquidation proceeds.",2022-04-19 00:00:00,17087022,0xe107685528296c810cd89f7cacf1c334eec0492189a7fc06f55e4c11aa7b9a51,0x3e0f4c7bdbf9bcc4aa9f22b3d03048b3ef2d7199,0xf50488dc8339fb7d1d5a8e8b401c4a5d71a090bb,576981.3866025976568,https://bscscan.com/tx/0xe107685528296c810cd89f7cacf1c334eec0492189a7fc06f55e4c11aa7b9a51,Available
T048,Launchpool opening deposits,2022-04-19 17:14:29,GMI,887877.38224824,0.013802722693383266,12255.12529289951,1.2624,15470.870169756343,"Previous completed block pool reserve ratio multiplied by Chainlink BNB/USD answer available at same block. Marginal mark, not cash received or executable liquidation value. State block 17087042. Oracle observation age 42 seconds. Pool reserve update age 36 seconds.","39 opening deposits, including the initial 10 GMI transfer. Bounded opening window, not lifetime inflows. Token market mark only; not investment cash or guaranteed liquidation proceeds.",2022-04-19 00:00:00,17087043,0x854f39b52c34c65f6e2229ade8b2d6d26226fd20323d30703241de9b4c82dd38,0x3e0f4c7bdbf9bcc4aa9f22b3d03048b3ef2d7199,0xf50488dc8339fb7d1d5a8e8b401c4a5d71a090bb,887877.3822482400862,https://bscscan.com/tx/0x854f39b52c34c65f6e2229ade8b2d6d26226fd20323d30703241de9b4c82dd38,Available
T049,Launchpool opening deposits,2022-04-19 17:15:29,GMI,427533.4783261788,0.013803913554889479,5901.635176635787,1.2624,7450.224246985017,"Previous completed block pool reserve ratio multiplied by Chainlink BNB/USD answer available at same block. Marginal mark, not cash received or executable liquidation value. State block 17087062. Oracle observation age 12 seconds. Pool reserve update age 9 seconds.","39 opening deposits, including the initial 10 GMI transfer. Bounded opening window, not lifetime inflows. Token market mark only; not investment cash or guaranteed liquidation proceeds.",2022-04-19 00:00:00,17087063,0x946453c1f648db21aba304fe83607cd69dd00b22bff1e7bad184412d648dc6c6,0x3e0f4c7bdbf9bcc4aa9f22b3d03048b3ef2d7199,0xf50488dc8339fb7d1d5a8e8b401c4a5d71a090bb,427533.4783261787806,https://bscscan.com/tx/0x946453c1f648db21aba304fe83607cd69dd00b22bff1e7bad184412d648dc6c6,Available
T050,Launchpool opening deposits,2022-04-19 17:16:20,GMI,338506.31380682014,0.013815384575318909,4676.594906414805,1.2624,5903.73340985805,"Previous completed block pool reserve ratio multiplied by Chainlink BNB/USD answer available at same block. Marginal mark, not cash received or executable liquidation value. State block 17087079. Oracle observation age 63 seconds. Pool reserve update age 18 seconds.","39 opening deposits, including the initial 10 GMI transfer. Bounded opening window, not lifetime inflows. Token market mark only; not investment cash or guaranteed liquidation proceeds.",2022-04-19 00:00:00,17087080,0x9821a0b12221f6b1be9f613866defc03a06e69c066ffbeb73ed694633f25e470,0x3e0f4c7bdbf9bcc4aa9f22b3d03048b3ef2d7199,0xf50488dc8339fb7d1d5a8e8b401c4a5d71a090bb,338506.3138068201254,https://bscscan.com/tx/0x9821a0b12221f6b1be9f613866defc03a06e69c066ffbeb73ed694633f25e470,Available
T051,Launchpool opening deposits,2022-04-19 17:17:05,GMI,343255.514819481,0.013806756431591754,4739.245286913208,1.2624,5982.823250199233,"Previous completed block pool reserve ratio multiplied by Chainlink BNB/USD answer available at same block. Marginal mark, not cash received or executable liquidation value. State block 17087094. Oracle observation age 15 seconds. Pool reserve update age 18 seconds.","39 opening deposits, including the initial 10 GMI transfer. Bounded opening window, not lifetime inflows. Token market mark only; not investment cash or guaranteed liquidation proceeds.",2022-04-19 00:00:00,17087095,0x40d015a2111036e56a123c75f3c1f3c9bb6505198523ccda63e019a3094c9919,0x3e0f4c7bdbf9bcc4aa9f22b3d03048b3ef2d7199,0xf50488dc8339fb7d1d5a8e8b401c4a5d71a090bb,343255.5148194810067,https://bscscan.com/tx/0x40d015a2111036e56a123c75f3c1f3c9bb6505198523ccda63e019a3094c9919,Available
T052,Launchpool opening deposits,2022-04-19 17:17:56,GMI,385926.1212208235,0.013798896183592032,5325.354481262497,1.2624,6722.7274971457755,"Previous completed block pool reserve ratio multiplied by Chainlink BNB/USD answer available at same block. Marginal mark, not cash received or executable liquidation value. State block 17087111. Oracle observation age 66 seconds. Pool reserve update age 24 seconds.","39 opening deposits, including the initial 10 GMI transfer. Bounded opening window, not lifetime inflows. Token market mark only; not investment cash or guaranteed liquidation proceeds.",2022-04-19 00:00:00,17087112,0x73c9d8ee6420ca6829a47558aac11498609ff48ae3786cd4dc8c9b975956edf9,0x3e0f4c7bdbf9bcc4aa9f22b3d03048b3ef2d7199,0xf50488dc8339fb7d1d5a8e8b401c4a5d71a090bb,385926.1212208234816,https://bscscan.com/tx/0x73c9d8ee6420ca6829a47558aac11498609ff48ae3786cd4dc8c9b975956edf9,Available
T053,Launchpool opening deposits,2022-04-19 17:18:41,GMI,313371.4266388547,0.013788023992721273,4320.772749129823,1.2624,5454.5435185014885,"Previous completed block pool reserve ratio multiplied by Chainlink BNB/USD answer available at same block. Marginal mark, not cash received or executable liquidation value. State block 17087126. Oracle observation age 21 seconds. Pool reserve update age 21 seconds.","39 opening deposits, including the initial 10 GMI transfer. Bounded opening window, not lifetime inflows. Token market mark only; not investment cash or guaranteed liquidation proceeds.",2022-04-19 00:00:00,17087127,0x57b63c0580e9790f77eb641af77311a0e97ef7c3c595bec5838c4336ebbd3681,0x3e0f4c7bdbf9bcc4aa9f22b3d03048b3ef2d7199,0xf50488dc8339fb7d1d5a8e8b401c4a5d71a090bb,313371.426638854702168,https://bscscan.com/tx/0x57b63c0580e9790f77eb641af77311a0e97ef7c3c595bec5838c4336ebbd3681,Available
T054,Launchpool opening deposits,2022-04-19 17:19:26,GMI,251644.68620389298,0.013800540560855131,3472.832698880487,1.2624,4384.103999066727,"Previous completed block pool reserve ratio multiplied by Chainlink BNB/USD answer available at same block. Marginal mark, not cash received or executable liquidation value. State block 17087141. Oracle observation age 66 seconds. Pool reserve update age 36 seconds.","39 opening deposits, including the initial 10 GMI transfer. Bounded opening window, not lifetime inflows. Token market mark only; not investment cash or guaranteed liquidation proceeds.",2022-04-19 00:00:00,17087142,0x10d7d069e1bc086aecf1433a214b5e70cd1a5b00b7a18dd29b679bc8f54dbbce,0x3e0f4c7bdbf9bcc4aa9f22b3d03048b3ef2d7199,0xf50488dc8339fb7d1d5a8e8b401c4a5d71a090bb,251644.68620389297602,https://bscscan.com/tx/0x10d7d069e1bc086aecf1433a214b5e70cd1a5b00b7a18dd29b679bc8f54dbbce,Available
T055,Launchpool opening deposits,2022-04-19 17:20:11,GMI,622655.9973523922,0.013808814515320851,8598.141174291295,1.2624,10854.29341842533,"Previous completed block pool reserve ratio multiplied by Chainlink BNB/USD answer available at same block. Marginal mark, not cash received or executable liquidation value. State block 17087156. Oracle observation age 21 seconds. Pool reserve update age 6 seconds.","39 opening deposits, including the initial 10 GMI transfer. Bounded opening window, not lifetime inflows. Token market mark only; not investment cash or guaranteed liquidation proceeds.",2022-04-19 00:00:00,17087157,0xd2a860e052d77f847e7517eb640815e59ed6d47dc3aba84e431998d6ba2c2969,0x3e0f4c7bdbf9bcc4aa9f22b3d03048b3ef2d7199,0xf50488dc8339fb7d1d5a8e8b401c4a5d71a090bb,622655.997352392143475,https://bscscan.com/tx/0xd2a860e052d77f847e7517eb640815e59ed6d47dc3aba84e431998d6ba2c2969,Available
T056,Launchpool opening deposits,2022-04-19 17:29:53,GMI,199198.30486490007,0.01379637614259718,2748.214740883907,1.2624,3469.346288891844,"Previous completed block pool reserve ratio multiplied by Chainlink BNB/USD answer available at same block. Marginal mark, not cash received or executable liquidation value. State block 17087350. Oracle observation age 63 seconds. Pool reserve update age 27 seconds.","39 opening deposits, including the initial 10 GMI transfer. Bounded opening window, not lifetime inflows. Token market mark only; not investment cash or guaranteed liquidation proceeds.",2022-04-19 00:00:00,17087351,0x0b44c3c63f6f4ce4ff369632449fd50a7e58162bc7f102dc8a3ed37703138618,0x3e0f4c7bdbf9bcc4aa9f22b3d03048b3ef2d7199,0xf50488dc8339fb7d1d5a8e8b401c4a5d71a090bb,199198.30486490008201,https://bscscan.com/tx/0x0b44c3c63f6f4ce4ff369632449fd50a7e58162bc7f102dc8a3ed37703138618,Available
T057,Project IDs 6–9 withdrawals,2022-05-23 11:50:16,BUSD,3775.2287671232875,1.00012162,3775.6879104459454,1.2829,4843.830020311103,Historical USD oracle answer available at the previous completed block. State block 18051155. Oracle observation age 6241 seconds.,Project ID 8; actual stablecoin transfer; project name and commercial purpose not independently established.,2022-05-20 00:00:00,18051156,0xfb51cbbf265af6b604ba3499d1608f36ab04a57eb3a71a4d5cbe3c6fe807d780,0x56c0cb2d047b69278f49b4759c1718436a546c7f,0x56aa83035aea8bfeb9e395a51607cc4621649aa2,3775.228767123287671432,https://bscscan.com/tx/0xfb51cbbf265af6b604ba3499d1608f36ab04a57eb3a71a4d5cbe3c6fe807d780,Available
T058,Project IDs 6–9 withdrawals,2022-06-22 08:29:58,BUSD,4720.231567727363,1.00009788,4720.693583993212,1.2942,6109.521636404015,Historical USD oracle answer available at the previous completed block. State block 18905893. Oracle observation age 79865 seconds.,Project ID 9; actual stablecoin transfer; project name and commercial purpose not independently established.,2022-06-22 00:00:00,18905894,0x757fe0ce1d898fff34b0d4c4f58f2fc7610d3821eacc51c43d7e7e6ac0edcf63,0x56c0cb2d047b69278f49b4759c1718436a546c7f,0x56aa83035aea8bfeb9e395a51607cc4621649aa2,4720.231567727363184247,https://bscscan.com/tx/0x757fe0ce1d898fff34b0d4c4f58f2fc7610d3821eacc51c43d7e7e6ac0edcf63,Available
T059,Private other forwarding GMI,2022-07-12 16:05:10,GMI,13150,0.0008792355186495295,11.561947070241313,1.3015,15.04787411191907,"Previous completed block GMI/WBNB reserve ratio multiplied by the BNB/USD oracle answer at that block. Marginal token mark, not cash received or an executable bulk-sale value. State block 19490179. Oracle observation age 45 seconds. Pool reserve update age 820 seconds.","Token transfer event; category based on all successful receipt events. LP receipts and redemptions are not sale proceeds. GMI dollar value is a marginal market mark, not cash received or an executable liquidation quote.",2022-07-12 00:00:00,19490180,0x162b4219c7ae0867465cfd21a13244f888672d19f9296e9c8bdfbf4d3baeacfe,0x36048413c4edf0cf3e633aab317fcd9824dfb4d4,0xd697c0eda3bde7fd89f897baf1f5b1cc7a2fc895,13150,https://bscscan.com/tx/0x162b4219c7ae0867465cfd21a13244f888672d19f9296e9c8bdfbf4d3baeacfe,Available
T060,Private other forwarding GMI,2022-09-23 05:00:12,GMI,161278.1045,0.0004070355735969479,65.645925773786,1.357,89.08152127502761,"Previous completed block GMI/WBNB reserve ratio multiplied by the BNB/USD oracle answer at that block. Marginal token mark, not cash received or an executable bulk-sale value. State block 21573554. Oracle observation age 69 seconds. Pool reserve update age 615 seconds.","Token transfer event; category based on all successful receipt events. LP receipts and redemptions are not sale proceeds. GMI dollar value is a marginal market mark, not cash received or an executable liquidation quote.",2022-09-23 00:00:00,21573555,0x684835fae6b574a45be696151087cf039b173ca68c73cea92368401c49208dbf,0x36048413c4edf0cf3e633aab317fcd9824dfb4d4,0xf4f86e37815217ed73ae817a4e5164d56315b1d7,161278.104499999999787008,https://bscscan.com/tx/0x684835fae6b574a45be696151087cf039b173ca68c73cea92368401c49208dbf,Available
T061,Private onward transfers BNB,2022-09-23 05:01:18,BNB,0.99657042,276.77429667,275.8250770776265,1.357,374.29462959433914,Chainlink USD answer available at the immediately preceding completed block; oracle age is recorded. State block 21573576. Oracle observation age 45 seconds.,Native value of successful outer transaction; excludes gas fees.,2022-09-23 00:00:00,21573577,0xb72e828b1c3fb94394837de4d71b685dfe57e00fbb0f320f24c68f0b95993659,0x36048413c4edf0cf3e633aab317fcd9824dfb4d4,0xf4f86e37815217ed73ae817a4e5164d56315b1d7,0.99657042,https://bscscan.com/tx/0xb72e828b1c3fb94394837de4d71b685dfe57e00fbb0f320f24c68f0b95993659,Available
T062,Private vesting claims,2022-11-04 14:25:40,GMI,96645563.27160494,0.00021792172444522927,21061.167808128663,1.3517,28468.38052624751,"Previous completed block GMI/WBNB reserve ratio multiplied by the BNB/USD oracle answer at that block. Marginal token mark, not cash received or an executable bulk-sale value. State block 22767132. Oracle observation age 9 seconds. Pool reserve update age 8135 seconds.","Token transfer event; category based on all successful receipt events. LP receipts and redemptions are not sale proceeds. GMI dollar value is a marginal market mark, not cash received or an executable liquidation quote.",2022-11-04 00:00:00,22767133,0x6f2c3e43f94de965feaf666ad8a35a6951c72a9367360d9dc138d236902e787f,0x74e0ddf89807107378beb02e6bc504243e0cdf6c,0x36048413c4edf0cf3e633aab317fcd9824dfb4d4,96645563.271604938271604938,https://bscscan.com/tx/0x6f2c3e43f94de965feaf666ad8a35a6951c72a9367360d9dc138d236902e787f,Available
T063,Private sale inputs,2022-11-04 14:36:59,GMI,4000000,0.0002181726118820114,872.6904475280456,1.3517,1179.6156779236592,"Previous completed block GMI/WBNB reserve ratio multiplied by the BNB/USD oracle answer at that block. Marginal token mark, not cash received or an executable bulk-sale value. State block 22767352. Oracle observation age 57 seconds. Pool reserve update age 8814 seconds.","Token transfer event; category based on all successful receipt events. LP receipts and redemptions are not sale proceeds. GMI dollar value is a marginal market mark, not cash received or an executable liquidation quote.",2022-11-04 00:00:00,22767353,0x77aa71b436f968ef2c7845806036702b6b72947c57134bac12155b7adab445c0,0x36048413c4edf0cf3e633aab317fcd9824dfb4d4,0x58d4b61983ca0afe6e352e90719f403e24e016f4,4000000,https://bscscan.com/tx/0x77aa71b436f968ef2c7845806036702b6b72947c57134bac12155b7adab445c0,Available
T064,Private sale proceeds WBNB,2022-11-04 14:36:59,WBNB,2.2960914255417975,357.47850715,820.8033350825971,1.3517,1109.4798680311465,WBNB unit converted using the historical BNB/USD oracle answer at the previous completed block. The asset remains WBNB; this does not assert that an unwrap or native-BNB withdrawal occurred. WBNB uses its redeemable underlying BNB dollar mark; asset identity remains WBNB. State block 22767352. Oracle observation age 57 seconds.,Token transfer event; category based on all successful receipt events. LP receipts and redemptions are not sale proceeds.,2022-11-04 00:00:00,22767353,0x77aa71b436f968ef2c7845806036702b6b72947c57134bac12155b7adab445c0,0x58d4b61983ca0afe6e352e90719f403e24e016f4,0x36048413c4edf0cf3e633aab317fcd9824dfb4d4,2.296091425541797281,https://bscscan.com/tx/0x77aa71b436f968ef2c7845806036702b6b72947c57134bac12155b7adab445c0,Available
T065,Private sale inputs,2022-11-04 14:49:05,GMI,5000000,0.00019896696570372713,994.8348285186356,1.3517,1344.7182377086397,"Previous completed block GMI/WBNB reserve ratio multiplied by the BNB/USD oracle answer at that block. Marginal token mark, not cash received or an executable bulk-sale value. State block 22767594. Oracle observation age 63 seconds. Pool reserve update age 288 seconds.","Token transfer event; category based on all successful receipt events. LP receipts and redemptions are not sale proceeds. GMI dollar value is a marginal market mark, not cash received or an executable liquidation quote.",2022-11-04 00:00:00,22767595,0x203abb1c9c7dae34461bf67e753898d0671bbf25e13d80051745dd19344a32a5,0x36048413c4edf0cf3e633aab317fcd9824dfb4d4,0x58d4b61983ca0afe6e352e90719f403e24e016f4,5000000,https://bscscan.com/tx/0x203abb1c9c7dae34461bf67e753898d0671bbf25e13d80051745dd19344a32a5,Available
T066,Private sale proceeds BUSD,2022-11-04 14:49:05,BUSD,922.2442313340116,1,922.2442313340116,1.3517,1246.5975274941834,Chainlink USD answer available at the immediately preceding completed block; oracle age is recorded. State block 22767594. Oracle observation age 165 seconds.,Token transfer event; category based on all successful receipt events. LP receipts and redemptions are not sale proceeds.,2022-11-04 00:00:00,22767595,0x203abb1c9c7dae34461bf67e753898d0671bbf25e13d80051745dd19344a32a5,0x58f876857a02d6762e0101bb5c46a8c1ed44dc16,0x36048413c4edf0cf3e633aab317fcd9824dfb4d4,922.244231334011558017,https://bscscan.com/tx/0x203abb1c9c7dae34461bf67e753898d0671bbf25e13d80051745dd19344a32a5,Available
T067,Private unwrap input WBNB,2022-11-04 14:50:32,WBNB,2.2960914255417975,357.075,819.8768457753373,1.3517,1108.2275324345233,WBNB unit converted using the historical BNB/USD oracle answer at the previous completed block. The asset remains WBNB; this does not assert that an unwrap or native-BNB withdrawal occurred. WBNB uses its redeemable underlying BNB dollar mark; asset identity remains WBNB. State block 22767621. Oracle observation age 60 seconds.,"WBNB withdrawal event; converts wrappedBNB to nativeBNB, not new sale income.",2022-11-04 00:00:00,22767622,0xb92ef6cc144fc776ecc32cce28108f8903be0b1c17c669a788697a89f0e77d38,0x36048413c4edf0cf3e633aab317fcd9824dfb4d4,0xbb4cdb9cbd36b01bd1cbaebf2de08d9173bc095c,2.296091425541797281,https://bscscan.com/tx/0xb92ef6cc144fc776ecc32cce28108f8903be0b1c17c669a788697a89f0e77d38,Available
T068,Private unwrap output BNB,2022-11-04 14:50:32,BNB,2.2960914255417975,357.075,819.8768457753373,1.3517,1108.2275324345233,Chainlink USD answer available at the immediately preceding completed block; oracle age is recorded. State block 22767621. Oracle observation age 60 seconds.,Successful native payment to beneficiary in call trace.,2022-11-04 00:00:00,22767622,0xb92ef6cc144fc776ecc32cce28108f8903be0b1c17c669a788697a89f0e77d38,0xbb4cdb9cbd36b01bd1cbaebf2de08d9173bc095c,0x36048413c4edf0cf3e633aab317fcd9824dfb4d4,2.296091425541797281,https://bscscan.com/tx/0xb92ef6cc144fc776ecc32cce28108f8903be0b1c17c669a788697a89f0e77d38,Available
T069,Private sale inputs,2022-11-04 14:52:40,GMI,2500000,0.0001826492503377176,456.623125844294,1.3517,617.2174792037322,"Previous completed block GMI/WBNB reserve ratio multiplied by the BNB/USD oracle answer at that block. Marginal token mark, not cash received or an executable bulk-sale value. State block 22767659. Oracle observation age 11 seconds. Pool reserve update age 47 seconds.","Token transfer event; category based on all successful receipt events. LP receipts and redemptions are not sale proceeds. GMI dollar value is a marginal market mark, not cash received or an executable liquidation quote.",2022-11-04 00:00:00,22767660,0x8a23f55933f775a0d1636fa9c8a791048fafc78838d8e708749938dea98b50f6,0x36048413c4edf0cf3e633aab317fcd9824dfb4d4,0x58d4b61983ca0afe6e352e90719f403e24e016f4,2500000,https://bscscan.com/tx/0x8a23f55933f775a0d1636fa9c8a791048fafc78838d8e708749938dea98b50f6,Available
T070,Private sale proceeds BUSD,2022-11-04 14:52:40,BUSD,437.0462053007293,1,437.0462053007293,1.3517,590.7553557049957,Chainlink USD answer available at the immediately preceding completed block; oracle age is recorded. State block 22767659. Oracle observation age 380 seconds.,Token transfer event; category based on all successful receipt events. LP receipts and redemptions are not sale proceeds.,2022-11-04 00:00:00,22767660,0x8a23f55933f775a0d1636fa9c8a791048fafc78838d8e708749938dea98b50f6,0x58f876857a02d6762e0101bb5c46a8c1ed44dc16,0x36048413c4edf0cf3e633aab317fcd9824dfb4d4,437.046205300729306686,https://bscscan.com/tx/0x8a23f55933f775a0d1636fa9c8a791048fafc78838d8e708749938dea98b50f6,Available
T071,Private sale inputs,2022-11-04 14:54:38,GMI,2000000,0.000178016498305063,356.032996610126,1.3517,481.2498015179073,"Previous completed block GMI/WBNB reserve ratio multiplied by the BNB/USD oracle answer at that block. Marginal token mark, not cash received or an executable bulk-sale value. State block 22767696. Oracle observation age 39 seconds. Pool reserve update age 18 seconds.","Token transfer event; category based on all successful receipt events. LP receipts and redemptions are not sale proceeds. GMI dollar value is a marginal market mark, not cash received or an executable liquidation quote.",2022-11-04 00:00:00,22767697,0x0758105d02766f3730218abbc695e7eb890cd128b3798cf795c49a1069be0e0b,0x36048413c4edf0cf3e633aab317fcd9824dfb4d4,0x58d4b61983ca0afe6e352e90719f403e24e016f4,2000000,https://bscscan.com/tx/0x0758105d02766f3730218abbc695e7eb890cd128b3798cf795c49a1069be0e0b,Available
T072,Private sale proceeds BUSD,2022-11-04 14:54:38,BUSD,344.59136275285886,1,344.59136275285886,1.3517,465.7841450330393,Chainlink USD answer available at the immediately preceding completed block; oracle age is recorded. State block 22767696. Oracle observation age 498 seconds.,Token transfer event; category based on all successful receipt events. LP receipts and redemptions are not sale proceeds.,2022-11-04 00:00:00,22767697,0x0758105d02766f3730218abbc695e7eb890cd128b3798cf795c49a1069be0e0b,0x58f876857a02d6762e0101bb5c46a8c1ed44dc16,0x36048413c4edf0cf3e633aab317fcd9824dfb4d4,344.591362752858876366,https://bscscan.com/tx/0x0758105d02766f3730218abbc695e7eb890cd128b3798cf795c49a1069be0e0b,Available
T073,Private exchange intermediary,2022-11-04 14:59:14,GMI,5000000,0.000175435961742036,877.1798087101799,1.3517,1185.6839474335502,"Previous completed block GMI/WBNB reserve ratio multiplied by the BNB/USD oracle answer at that block. Marginal token mark, not cash received or an executable bulk-sale value. State block 22767788. Oracle observation age 45 seconds. Pool reserve update age 48 seconds.","Token transfer event; category based on all successful receipt events. LP receipts and redemptions are not sale proceeds. GMI dollar value is a marginal market mark, not cash received or an executable liquidation quote.",2022-11-04 00:00:00,22767789,0x39ec8dffbd77f61914a2d5b30810ba69805d7fc9aec2af7fa64e1083e43fbe5c,0x36048413c4edf0cf3e633aab317fcd9824dfb4d4,0x9564f530d9f270a48c510a92c97b59248cefd464,5000000,https://bscscan.com/tx/0x39ec8dffbd77f61914a2d5b30810ba69805d7fc9aec2af7fa64e1083e43fbe5c,Available
T074,Private MEXC 2e8 receipt,2022-11-04 15:00:29,GMI,5000000,0.00017546412447898627,877.3206223949313,1.3517,1185.8742852912285,"Previous completed block GMI/WBNB reserve ratio multiplied by the BNB/USD oracle answer at that block. Marginal token mark, not cash received or an executable bulk-sale value. State block 22767813. Oracle observation age 30 seconds. Pool reserve update age 123 seconds.","Actual onward token transfer; final customer account and disposition require service records. GMI dollar value is a marginal market mark, not cash received or an executable liquidation quote. Destination has current MEXC disclosure/labels; historical customer credit and sale require provider records.",2022-11-04 00:00:00,22767814,0x7f8323049c6585d0dee94b8ba6b7dcb96d9bd0f2ac11617a00ca2299cb7ae3a8,0x9564f530d9f270a48c510a92c97b59248cefd464,0x2e8f79ad740de90dc5f5a9f0d8d9661a60725e64,5000000,https://bscscan.com/tx/0x7f8323049c6585d0dee94b8ba6b7dcb96d9bd0f2ac11617a00ca2299cb7ae3a8,Available
T075,Launchpool November outflow,2022-11-05 06:45:09,GMI,14000000,0.00019113424664714265,2675.879453059997,1.3517,3616.986256701198,"Previous completed block pool reserve ratio multiplied by Chainlink BNB/USD answer available at same block. Marginal mark, not cash received or executable liquidation value. State block 22786455. Oracle observation age 3 seconds. Pool reserve update age 15764 seconds.",Part of the same 44m combined withdrawal. transferFrom under previously granted allowance; not an ordinary beneficiary claim. Pool ratio was over four hours old. Token market mark only; not investment cash or guaranteed liquidation proceeds.,2022-11-04 00:00:00,22786456,0xce306e566653d227a138975f721436d91d457d81ebc32d9cd4386e2fb7455f48,0xf50488dc8339fb7d1d5a8e8b401c4a5d71a090bb,0x35dc4a16db1e30036fee83e733ee065ad8535422,14000000,https://bscscan.com/tx/0xce306e566653d227a138975f721436d91d457d81ebc32d9cd4386e2fb7455f48,Available
T076,Other November outflows,2022-11-05 06:45:09,GMI,23000000,0.00019113424664714265,4396.087672884281,1.3517,5942.191707437682,"Previous completed block pool reserve ratio multiplied by Chainlink BNB/USD answer available at same block. Marginal mark, not cash received or executable liquidation value. State block 22786455. Oracle observation age 3 seconds. Pool reserve update age 15764 seconds.",Part of the same 44m combined withdrawal. transferFrom under previously granted allowance; not an ordinary beneficiary claim. Pool ratio was over four hours old. Token market mark only; not investment cash or guaranteed liquidation proceeds.,2022-11-04 00:00:00,22786456,0xce306e566653d227a138975f721436d91d457d81ebc32d9cd4386e2fb7455f48,0xee57b1241f243a1a794f60ffa643d202188d31d9,0x35dc4a16db1e30036fee83e733ee065ad8535422,23000000,https://bscscan.com/tx/0xce306e566653d227a138975f721436d91d457d81ebc32d9cd4386e2fb7455f48,Available
T077,Other November outflows,2022-11-05 06:45:09,GMI,7000000,0.00019113424664714265,1337.9397265299986,1.3517,1808.493128350599,"Previous completed block pool reserve ratio multiplied by Chainlink BNB/USD answer available at same block. Marginal mark, not cash received or executable liquidation value. State block 22786455. Oracle observation age 3 seconds. Pool reserve update age 15764 seconds.",Part of the same 44m combined withdrawal. transferFrom under previously granted allowance; not an ordinary beneficiary claim. Pool ratio was over four hours old. Token market mark only; not investment cash or guaranteed liquidation proceeds.,2022-11-04 00:00:00,22786456,0xce306e566653d227a138975f721436d91d457d81ebc32d9cd4386e2fb7455f48,0xba306306b117a25145d58c67a03deb7f22ee2a3a,0x35dc4a16db1e30036fee83e733ee065ad8535422,7000000,https://bscscan.com/tx/0xce306e566653d227a138975f721436d91d457d81ebc32d9cd4386e2fb7455f48,Available
T078,November gas links,2022-11-05 06:45:39,BNB,0.019849782233850893,359.64,7.138775682582135,1.3517,9.649483090146271,Historical USD oracle answer available at the previous completed block. State block 22786465. Oracle observation age 33 seconds.,Native BNB transfer supporting the transaction sequence; amount transferred is not the transaction gas fee. Do not add to sale proceeds.,2022-11-04 00:00:00,22786466,0xb954f172ba0faed75a15967fce0e72a52ee674fd585d9d1e5385199c72f82a17,0x343cebd1e7d1a6838cd8b82f6238b29ad78e235e,0x35dc4a16db1e30036fee83e733ee065ad8535422,0.019849782233850894,https://bscscan.com/tx/0xb954f172ba0faed75a15967fce0e72a52ee674fd585d9d1e5385199c72f82a17,Available
T079,November sale input,2022-11-05 06:51:21,GMI,44000000,0.00019113956124637097,8410.140694840322,1.3517,11367.987177215662,"Previous completed block pool reserve ratio multiplied by Chainlink BNB/USD answer available at same block. Marginal mark, not cash received or executable liquidation value. State block 22786579. Oracle observation age 15 seconds. Pool reserve update age 16136 seconds.",44m GMI sale input. Value is a marginal token mark; actual output is a separate row. Token market mark only; not investment cash or guaranteed liquidation proceeds.,2022-11-04 00:00:00,22786580,0x7096720b8dc95afac5ad1029a489ce8dd2b2dcb5ff78e960fcb5e10d03acd8aa,0x35dc4a16db1e30036fee83e733ee065ad8535422,0x58d4b61983ca0afe6e352e90719f403e24e016f4,44000000,https://bscscan.com/tx/0x7096720b8dc95afac5ad1029a489ce8dd2b2dcb5ff78e960fcb5e10d03acd8aa,Available
T080,November sale proceeds,2022-11-05 06:51:21,BUSD,5174.29339400511,0.99997113,5174.144012154825,1.3517,6993.8904612296765,Historical USD oracle answer available at the previous completed block. State block 22786579. Oracle observation age 261 seconds.,"Actual BUSD received for the combined 44m GMI, including 14m from Launchpool. Not all proceeds belong to the 14m subset.",2022-11-04 00:00:00,22786580,0x7096720b8dc95afac5ad1029a489ce8dd2b2dcb5ff78e960fcb5e10d03acd8aa,0x1111111254fb6c44bac0bed2854e76f90643097d,0x35dc4a16db1e30036fee83e733ee065ad8535422,5174.293394005109506048,https://bscscan.com/tx/0x7096720b8dc95afac5ad1029a489ce8dd2b2dcb5ff78e960fcb5e10d03acd8aa,Available
T081,November stablecoin forward,2022-11-05 07:15:11,BUSD,5174,0.99998078,5173.90055572,1.3517,6993.561381166724,Historical USD oracle answer available at the previous completed block. State block 22787055. Oracle observation age 762 seconds.,Same sale proceeds forwarded; not additional revenue.,2022-11-04 00:00:00,22787056,0x34bfa37b43fc0426e45ffcd3af9927be6495d4710f340f7f80e09d2fc41fe1b4,0x35dc4a16db1e30036fee83e733ee065ad8535422,0x96f0ae9dc91983d87379cf7bbe2cebc69123aeb6,5174,https://bscscan.com/tx/0x34bfa37b43fc0426e45ffcd3af9927be6495d4710f340f7f80e09d2fc41fe1b4,Available
T082,November gas links,2022-11-05 07:15:20,BNB,0.00084,357.64790874,0.3004242433416,1.3517,0.4060834497248407,Historical USD oracle answer available at the previous completed block. State block 22787058. Oracle observation age 12 seconds.,Native BNB transfer supporting the transaction sequence; amount transferred is not the transaction gas fee. Do not add to sale proceeds.,2022-11-04 00:00:00,22787059,0xfce9f602e9b578c45f056eaa29343e0932d46f796d3fcb9a9b2dc326e1367a7a,0x4727250679294802377dd6ca6541b8e459077c95,0x96f0ae9dc91983d87379cf7bbe2cebc69123aeb6,0.00084,https://bscscan.com/tx/0xfce9f602e9b578c45f056eaa29343e0932d46f796d3fcb9a9b2dc326e1367a7a,Available
T083,November service sweep,2022-11-05 07:15:32,BUSD,5174,0.99998078,5173.90055572,1.3517,6993.561381166724,Historical USD oracle answer available at the previous completed block. State block 22787062. Oracle observation age 783 seconds.,"Same 5,174 BUSD swept onward. The current Ethereum explorer label is supplemented by a 10 May 2025 statement from Administrator FixedFloat on BestChange naming this exact BSC address as a main service wallet. This later business statement strengthens service attribution; the November 2022 order, payout and customer remain unconfirmed. See Sources S18-S19.",2022-11-04 00:00:00,22787063,0x7702b5e67906c5eb1dea5d1fdde0f7ade3e37cb5cd657944bd539ed460791e48,0x96f0ae9dc91983d87379cf7bbe2cebc69123aeb6,0x4727250679294802377dd6ca6541b8e459077c95,5174,https://bscscan.com/tx/0x7702b5e67906c5eb1dea5d1fdde0f7ade3e37cb5cd657944bd539ed460791e48,Available
T084,November gas links,2022-11-05 07:15:41,BNB,0.000502984,357.64790874,0.17989117572968016,1.3517,0.24315890223380865,Historical USD oracle answer available at the previous completed block. State block 22787065. Oracle observation age 33 seconds.,"Native BNB transfer supporting the transaction sequence; amount transferred is not the transaction gas fee. Do not add to sale proceeds. The current Ethereum explorer label is supplemented by a 10 May 2025 statement from Administrator FixedFloat on BestChange naming this exact BSC address as a main service wallet. This later business statement strengthens service attribution; the November 2022 order, payout and customer remain unconfirmed. See Sources S18-S19.",2022-11-04 00:00:00,22787066,0xfc4c26165b9fad6ae7aa5c69b0763f4bed1af11f97ecebb9112793ca121303c4,0x96f0ae9dc91983d87379cf7bbe2cebc69123aeb6,0x4727250679294802377dd6ca6541b8e459077c95,0.000502984,https://bscscan.com/tx/0xfc4c26165b9fad6ae7aa5c69b0763f4bed1af11f97ecebb9112793ca121303c4,Available
T085,Private onward transfers BNB,2022-11-06 12:45:06,BNB,2,351.36,702.72,1.3517,949.866624,Chainlink USD answer available at the immediately preceding completed block; oracle age is recorded. State block 22822044. Oracle observation age 18 seconds.,Native value of successful outer transaction; excludes gas fees.,2022-11-04 00:00:00,22822045,0x28335e5207a836dd8525191ff58c0b72331cff4d7e86f74c10eafd51dd4abc53,0x36048413c4edf0cf3e633aab317fcd9824dfb4d4,0xf4f86e37815217ed73ae817a4e5164d56315b1d7,2,https://bscscan.com/tx/0x28335e5207a836dd8525191ff58c0b72331cff4d7e86f74c10eafd51dd4abc53,Available
T086,Private BUSD forwarded to F4F,2022-11-06 12:46:39,BUSD,1703.8817993875998,1.00014887,1704.1354562710749,1.3517,2303.4798962416116,Chainlink USD answer available at the immediately preceding completed block; oracle age is recorded. State block 22822075. Oracle observation age 898 seconds.,Token transfer event; category based on all successful receipt events. LP receipts and redemptions are not sale proceeds.,2022-11-04 00:00:00,22822076,0x39658c447c0db971adf6459ea117ee8f656a3896d6a05de599b7bc8f0836de2a,0x36048413c4edf0cf3e633aab317fcd9824dfb4d4,0xf4f86e37815217ed73ae817a4e5164d56315b1d7,1703.881799387599741069,https://bscscan.com/tx/0x39658c447c0db971adf6459ea117ee8f656a3896d6a05de599b7bc8f0836de2a,Available
T087,Private liquidity add refund BNB,2022-11-06 13:25:15,BNB,1e-18,351.885,3.51885e-16,1.3517,4.756429545e-16,Chainlink USD answer available at the immediately preceding completed block; oracle age is recorded. State block 22822847. Oracle observation age 54 seconds.,Successful native payment to beneficiary in call trace. Liquidity-position leg; overlaps underlying tokens or LP shares. Do not add to sale proceeds.,2022-11-04 00:00:00,22822848,0x1b6fb13de5737263b76277e7a24d22fd0b9a50fac9fc6931adb1c788ff1ffff9,0x10ed43c718714eb63d5aa57b78b54704e256024e,0x36048413c4edf0cf3e633aab317fcd9824dfb4d4,1E-18,https://bscscan.com/tx/0x1b6fb13de5737263b76277e7a24d22fd0b9a50fac9fc6931adb1c788ff1ffff9,Available
T088,Private liquidity deposits BNB,2022-11-06 13:25:15,BNB,4.279827980541797,351.885,1506.0072689329502,1.3517,2035.6700254166685,Chainlink USD answer available at the immediately preceding completed block; oracle age is recorded. State block 22822847. Oracle observation age 54 seconds.,Native value of successful outer transaction; excludes gas fees. Liquidity-position leg; overlaps underlying tokens or LP shares. Do not add to sale proceeds.,2022-11-04 00:00:00,22822848,0x1b6fb13de5737263b76277e7a24d22fd0b9a50fac9fc6931adb1c788ff1ffff9,0x36048413c4edf0cf3e633aab317fcd9824dfb4d4,0x10ed43c718714eb63d5aa57b78b54704e256024e,4.279827980541797281,https://bscscan.com/tx/0x1b6fb13de5737263b76277e7a24d22fd0b9a50fac9fc6931adb1c788ff1ffff9,Available
T089,Private liquidity deposits GMI,2022-11-06 13:25:15,GMI,10139294.12674514,0.00014853176662075985,1506.0072689329502,1.3517,2035.6700254166685,"Previous completed block GMI/WBNB reserve ratio multiplied by the BNB/USD oracle answer at that block. Marginal token mark, not cash received or an executable bulk-sale value. State block 22822847. Oracle observation age 54 seconds. Pool reserve update age 16404 seconds.","Token transfer event; category based on all successful receipt events. LP receipts and redemptions are not sale proceeds. GMI dollar value is a marginal market mark, not cash received or an executable liquidation quote. Liquidity-position leg; overlaps underlying tokens or LP shares. Do not add to sale proceeds.",2022-11-04 00:00:00,22822848,0x1b6fb13de5737263b76277e7a24d22fd0b9a50fac9fc6931adb1c788ff1ffff9,0x36048413c4edf0cf3e633aab317fcd9824dfb4d4,0x58d4b61983ca0afe6e352e90719f403e24e016f4,10139294.126745140146790894,https://bscscan.com/tx/0x1b6fb13de5737263b76277e7a24d22fd0b9a50fac9fc6931adb1c788ff1ffff9,Available
T090,Private LP token receipts,2022-11-06 13:25:15,GMI-WBNB LP,3332.4595428831603,0.9038436872343357,3012.0225207987646,1.3517,4071.35084136369,"Previous-block marginal liquidity-token NAV: two times WBNB reserve times BNB/USD oracle answer divided by outstanding LP units. Underlying GMI is marked at the same pool reserve ratio. A valuation of the LP claim on pool assets; not a separate cash receipt, executed liquidation value, or an amount to add to underlying deposit/redemption legs. State block 22822847. Oracle observation age 54 seconds. Pool reserve update age 16404 seconds.",Token transfer event; category based on all successful receipt events. LP receipts and redemptions are not sale proceeds. Liquidity-position leg; overlaps underlying tokens or LP shares. Do not add to sale proceeds.,2022-11-04 00:00:00,22822848,0x1b6fb13de5737263b76277e7a24d22fd0b9a50fac9fc6931adb1c788ff1ffff9,0x0000000000000000000000000000000000000000,0x36048413c4edf0cf3e633aab317fcd9824dfb4d4,3332.459542883160311442,https://bscscan.com/tx/0x1b6fb13de5737263b76277e7a24d22fd0b9a50fac9fc6931adb1c788ff1ffff9,Available
T091,Private liquidity add refund BNB,2022-11-06 13:30:48,BNB,1e-18,351.77471904,3.5177471904e-16,1.3517,4.754938877263679e-16,Chainlink USD answer available at the immediately preceding completed block; oracle age is recorded. State block 22822958. Oracle observation age 30 seconds.,Successful native payment to beneficiary in call trace. Liquidity-position leg; overlaps underlying tokens or LP shares. Do not add to sale proceeds.,2022-11-04 00:00:00,22822959,0x1448d738413857636ad78ff20f2eaa56c16fbf4800365b8e41f66e3bbe645a12,0x10ed43c718714eb63d5aa57b78b54704e256024e,0x36048413c4edf0cf3e633aab317fcd9824dfb4d4,1E-18,https://bscscan.com/tx/0x1448d738413857636ad78ff20f2eaa56c16fbf4800365b8e41f66e3bbe645a12,Available
T092,Private liquidity deposits BNB,2022-11-06 13:30:48,BNB,4.5,351.77471904,1582.98623568,1.3517,2139.722494768656,Chainlink USD answer available at the immediately preceding completed block; oracle age is recorded. State block 22822958. Oracle observation age 30 seconds.,Native value of successful outer transaction; excludes gas fees. Liquidity-position leg; overlaps underlying tokens or LP shares. Do not add to sale proceeds.,2022-11-04 00:00:00,22822959,0x1448d738413857636ad78ff20f2eaa56c16fbf4800365b8e41f66e3bbe645a12,0x36048413c4edf0cf3e633aab317fcd9824dfb4d4,0x10ed43c718714eb63d5aa57b78b54704e256024e,4.5,https://bscscan.com/tx/0x1448d738413857636ad78ff20f2eaa56c16fbf4800365b8e41f66e3bbe645a12,Available
T093,Private liquidity deposits GMI,2022-11-06 13:30:48,GMI,10660901.274022019,0.0001484852166802582,1582.9862356800002,1.3517,2139.722494768656,"Previous completed block GMI/WBNB reserve ratio multiplied by the BNB/USD oracle answer at that block. Marginal token mark, not cash received or an executable bulk-sale value. State block 22822958. Oracle observation age 30 seconds. Pool reserve update age 333 seconds.","Token transfer event; category based on all successful receipt events. LP receipts and redemptions are not sale proceeds. GMI dollar value is a marginal market mark, not cash received or an executable liquidation quote. Liquidity-position leg; overlaps underlying tokens or LP shares. Do not add to sale proceeds.",2022-11-04 00:00:00,22822959,0x1448d738413857636ad78ff20f2eaa56c16fbf4800365b8e41f66e3bbe645a12,0x36048413c4edf0cf3e633aab317fcd9824dfb4d4,0x58d4b61983ca0afe6e352e90719f403e24e016f4,10660901.274022018833217282,https://bscscan.com/tx/0x1448d738413857636ad78ff20f2eaa56c16fbf4800365b8e41f66e3bbe645a12,Available
T094,Private LP token receipts,2022-11-06 13:30:48,GMI-WBNB LP,3503.8950189478924,0.9035580273494154,3165.97247136,1.3517,4279.444989537312,"Previous-block marginal liquidity-token NAV: two times WBNB reserve times BNB/USD oracle answer divided by outstanding LP units. Underlying GMI is marked at the same pool reserve ratio. A valuation of the LP claim on pool assets; not a separate cash receipt, executed liquidation value, or an amount to add to underlying deposit/redemption legs. State block 22822958. Oracle observation age 30 seconds. Pool reserve update age 333 seconds.",Token transfer event; category based on all successful receipt events. LP receipts and redemptions are not sale proceeds. Liquidity-position leg; overlaps underlying tokens or LP shares. Do not add to sale proceeds.,2022-11-04 00:00:00,22822959,0x1448d738413857636ad78ff20f2eaa56c16fbf4800365b8e41f66e3bbe645a12,0x0000000000000000000000000000000000000000,0x36048413c4edf0cf3e633aab317fcd9824dfb4d4,3503.895018947892528962,https://bscscan.com/tx/0x1448d738413857636ad78ff20f2eaa56c16fbf4800365b8e41f66e3bbe645a12,Available
T095,Private liquidity add refund BNB,2022-11-07 07:43:21,BNB,1e-18,332.83,3.3283000000000003e-16,1.3493,4.49087519e-16,Chainlink USD answer available at the immediately preceding completed block; oracle age is recorded. State block 22844563. Oracle observation age 15 seconds.,Successful native payment to beneficiary in call trace. Liquidity-position leg; overlaps underlying tokens or LP shares. Do not add to sale proceeds.,2022-11-07 00:00:00,22844564,0x7c7a2fe044b574e5f8fd8e4eb585eeb094aa04ae2956d766c1463a2972962c93,0x10ed43c718714eb63d5aa57b78b54704e256024e,0x36048413c4edf0cf3e633aab317fcd9824dfb4d4,1E-18,https://bscscan.com/tx/0x7c7a2fe044b574e5f8fd8e4eb585eeb094aa04ae2956d766c1463a2972962c93,Available
T096,Private liquidity deposits BNB,2022-11-07 07:43:21,BNB,3,332.83,998.49,1.3493,1347.262557,Chainlink USD answer available at the immediately preceding completed block; oracle age is recorded. State block 22844563. Oracle observation age 15 seconds.,Native value of successful outer transaction; excludes gas fees. Liquidity-position leg; overlaps underlying tokens or LP shares. Do not add to sale proceeds.,2022-11-07 00:00:00,22844564,0x7c7a2fe044b574e5f8fd8e4eb585eeb094aa04ae2956d766c1463a2972962c93,0x36048413c4edf0cf3e633aab317fcd9824dfb4d4,0x10ed43c718714eb63d5aa57b78b54704e256024e,3,https://bscscan.com/tx/0x7c7a2fe044b574e5f8fd8e4eb585eeb094aa04ae2956d766c1463a2972962c93,Available
T097,Private liquidity deposits GMI,2022-11-07 07:43:21,GMI,7141984.538727124,0.00013980567930184224,998.49,1.3493,1347.262557,"Previous completed block GMI/WBNB reserve ratio multiplied by the BNB/USD oracle answer at that block. Marginal token mark, not cash received or an executable bulk-sale value. State block 22844563. Oracle observation age 15 seconds. Pool reserve update age 39245 seconds.","Token transfer event; category based on all successful receipt events. LP receipts and redemptions are not sale proceeds. GMI dollar value is a marginal market mark, not cash received or an executable liquidation quote. Liquidity-position leg; overlaps underlying tokens or LP shares. Do not add to sale proceeds.",2022-11-07 00:00:00,22844564,0x7c7a2fe044b574e5f8fd8e4eb585eeb094aa04ae2956d766c1463a2972962c93,0x36048413c4edf0cf3e633aab317fcd9824dfb4d4,0x58d4b61983ca0afe6e352e90719f403e24e016f4,7141984.538727124246904764,https://bscscan.com/tx/0x7c7a2fe044b574e5f8fd8e4eb585eeb094aa04ae2956d766c1463a2972962c93,Available
T098,Private LP token receipts,2022-11-07 07:43:21,GMI-WBNB LP,2341.5367894168644,0.852865824289355,1997.0167040098638,1.3493,2694.574638720509,"Previous-block marginal liquidity-token NAV: two times WBNB reserve times BNB/USD oracle answer divided by outstanding LP units. Underlying GMI is marked at the same pool reserve ratio. A valuation of the LP claim on pool assets; not a separate cash receipt, executed liquidation value, or an amount to add to underlying deposit/redemption legs. State block 22844563. Oracle observation age 15 seconds. Pool reserve update age 39245 seconds.",Token transfer event; category based on all successful receipt events. LP receipts and redemptions are not sale proceeds. Liquidity-position leg; overlaps underlying tokens or LP shares. Do not add to sale proceeds.,2022-11-07 00:00:00,22844564,0x7c7a2fe044b574e5f8fd8e4eb585eeb094aa04ae2956d766c1463a2972962c93,0x0000000000000000000000000000000000000000,0x36048413c4edf0cf3e633aab317fcd9824dfb4d4,2341.536789416864249776,https://bscscan.com/tx/0x7c7a2fe044b574e5f8fd8e4eb585eeb094aa04ae2956d766c1463a2972962c93,Available
T099,Private liquidity returns BNB,2022-11-08 16:39:58,BNB,8.541343261253548,386.11,3297.8980466026073,1.3441,4432.704764438565,Chainlink USD answer available at the immediately preceding completed block; oracle age is recorded. State block 22883522. Oracle observation age 31 seconds.,Successful native payment to beneficiary in call trace. Liquidity-position leg; overlaps underlying tokens or LP shares. Do not add to sale proceeds.,2022-11-08 00:00:00,22883523,0x90914bb510876debff2d9828706728765298905864d4450899c2372070283e89,0x10ed43c718714eb63d5aa57b78b54704e256024e,0x36048413c4edf0cf3e633aab317fcd9824dfb4d4,8.541343261253548134,https://bscscan.com/tx/0x90914bb510876debff2d9828706728765298905864d4450899c2372070283e89,Available
T100,Private LP tokens redeemed,2022-11-08 16:39:58,GMI-WBNB LP,6883.418513435938,0.9582250560471841,6595.864090833376,1.3441,8865.500924489143,"Previous-block marginal liquidity-token NAV: two times WBNB reserve times BNB/USD oracle answer divided by outstanding LP units. Underlying GMI is marked at the same pool reserve ratio. A valuation of the LP claim on pool assets; not a separate cash receipt, executed liquidation value, or an amount to add to underlying deposit/redemption legs. State block 22883522. Oracle observation age 31 seconds. Pool reserve update age 594 seconds.",Token transfer event; category based on all successful receipt events. LP receipts and redemptions are not sale proceeds. Liquidity-position leg; overlaps underlying tokens or LP shares. Do not add to sale proceeds.,2022-11-08 00:00:00,22883523,0x90914bb510876debff2d9828706728765298905864d4450899c2372070283e89,0x36048413c4edf0cf3e633aab317fcd9824dfb4d4,0x58d4b61983ca0afe6e352e90719f403e24e016f4,6883.418513435937817635,https://bscscan.com/tx/0x90914bb510876debff2d9828706728765298905864d4450899c2372070283e89,Available
T101,Private liquidity returns GMI,2022-11-08 16:39:58,GMI,21680338.642683044,0.0001521146925311346,3297.8980466026073,1.3441,4432.704764438565,"Previous completed block GMI/WBNB reserve ratio multiplied by the BNB/USD oracle answer at that block. Marginal token mark, not cash received or an executable bulk-sale value. State block 22883522. Oracle observation age 31 seconds. Pool reserve update age 594 seconds.","Token transfer event; category based on all successful receipt events. LP receipts and redemptions are not sale proceeds. GMI dollar value is a marginal market mark, not cash received or an executable liquidation quote. Liquidity-position leg; overlaps underlying tokens or LP shares. Do not add to sale proceeds.",2022-11-08 00:00:00,22883523,0x90914bb510876debff2d9828706728765298905864d4450899c2372070283e89,0x10ed43c718714eb63d5aa57b78b54704e256024e,0x36048413c4edf0cf3e633aab317fcd9824dfb4d4,21680338.642683044091222143,https://bscscan.com/tx/0x90914bb510876debff2d9828706728765298905864d4450899c2372070283e89,Available
T102,Private onward transfers BNB,2022-11-08 16:40:47,BNB,8,386.11,3088.88,1.3441,4151.763608,Chainlink USD answer available at the immediately preceding completed block; oracle age is recorded. State block 22883535. Oracle observation age 80 seconds.,Native value of successful outer transaction; excludes gas fees.,2022-11-08 00:00:00,22883536,0x88f61323abec9c4f7826fd90dad8d689f9461453c9906b0505923fcccd9affab,0x36048413c4edf0cf3e633aab317fcd9824dfb4d4,0xf4f86e37815217ed73ae817a4e5164d56315b1d7,8,https://bscscan.com/tx/0x88f61323abec9c4f7826fd90dad8d689f9461453c9906b0505923fcccd9affab,Available
T103,Private sale proceeds BNB,2022-11-08 16:42:56,BNB,0.3871789713980815,388.64,150.4732354441504,1.3441,202.25107576048256,Chainlink USD answer available at the immediately preceding completed block; oracle age is recorded. State block 22883571. Oracle observation age 29 seconds.,Successful native payment to beneficiary in call trace.,2022-11-08 00:00:00,22883572,0xbb5706368c31e17c4fc0ec8b2faa93d57b707f6409c8ff217745856cc12a0f15,0x10ed43c718714eb63d5aa57b78b54704e256024e,0x36048413c4edf0cf3e633aab317fcd9824dfb4d4,0.387178971398081498,https://bscscan.com/tx/0xbb5706368c31e17c4fc0ec8b2faa93d57b707f6409c8ff217745856cc12a0f15,Available
T104,Private sale inputs,2022-11-08 16:42:56,GMI,1000000,0.00015311142965812892,153.1114296581289,1.3441,205.79707260349107,"Previous completed block GMI/WBNB reserve ratio multiplied by the BNB/USD oracle answer at that block. Marginal token mark, not cash received or an executable bulk-sale value. State block 22883571. Oracle observation age 29 seconds. Pool reserve update age 178 seconds.","Token transfer event; category based on all successful receipt events. LP receipts and redemptions are not sale proceeds. GMI dollar value is a marginal market mark, not cash received or an executable liquidation quote.",2022-11-08 00:00:00,22883572,0xbb5706368c31e17c4fc0ec8b2faa93d57b707f6409c8ff217745856cc12a0f15,0x36048413c4edf0cf3e633aab317fcd9824dfb4d4,0x58d4b61983ca0afe6e352e90719f403e24e016f4,1000000,https://bscscan.com/tx/0xbb5706368c31e17c4fc0ec8b2faa93d57b707f6409c8ff217745856cc12a0f15,Available
T105,Private sale proceeds BNB,2022-11-08 16:44:00,BNB,0.3787412460232426,390.44538786,147.87777270212464,1.3441,198.76251428892576,Chainlink USD answer available at the immediately preceding completed block; oracle age is recorded. State block 22883588. Oracle observation age 3 seconds.,Successful native payment to beneficiary in call trace.,2022-11-08 00:00:00,22883589,0x4209ed260e5cb23946f75508fd2268bae46592f6224be8a310e44a4f58332fff,0x10ed43c718714eb63d5aa57b78b54704e256024e,0x36048413c4edf0cf3e633aab317fcd9824dfb4d4,0.378741246023242597,https://bscscan.com/tx/0x4209ed260e5cb23946f75508fd2268bae46592f6224be8a310e44a4f58332fff,Available
T106,Private sale inputs,2022-11-08 16:44:00,GMI,1000000,0.0001498794988898987,149.87949888989868,1.3441,201.45303445791282,"Previous completed block GMI/WBNB reserve ratio multiplied by the BNB/USD oracle answer at that block. Marginal token mark, not cash received or an executable bulk-sale value. State block 22883588. Oracle observation age 3 seconds. Pool reserve update age 64 seconds.","Token transfer event; category based on all successful receipt events. LP receipts and redemptions are not sale proceeds. GMI dollar value is a marginal market mark, not cash received or an executable liquidation quote.",2022-11-08 00:00:00,22883589,0x4209ed260e5cb23946f75508fd2268bae46592f6224be8a310e44a4f58332fff,0x36048413c4edf0cf3e633aab317fcd9824dfb4d4,0x58d4b61983ca0afe6e352e90719f403e24e016f4,1000000,https://bscscan.com/tx/0x4209ed260e5cb23946f75508fd2268bae46592f6224be8a310e44a4f58332fff,Available
T107,Private sale proceeds BNB,2022-11-08 16:44:39,BNB,0.3705764805791122,390.44538786,144.68987769150522,1.3441,194.47766460515217,Chainlink USD answer available at the immediately preceding completed block; oracle age is recorded. State block 22883598. Oracle observation age 42 seconds.,Successful native payment to beneficiary in call trace.,2022-11-08 00:00:00,22883599,0x0220a34ba2222424e1a629ad6d9556f49de785400cace7942d4e35f7035f896a,0x10ed43c718714eb63d5aa57b78b54704e256024e,0x36048413c4edf0cf3e633aab317fcd9824dfb4d4,0.370576480579112181,https://bscscan.com/tx/0x0220a34ba2222424e1a629ad6d9556f49de785400cace7942d4e35f7035f896a,Available
T108,Private sale inputs,2022-11-08 16:44:39,GMI,1000000,0.0001466310400565883,146.6310400565883,1.3441,197.08678094006032,"Previous completed block GMI/WBNB reserve ratio multiplied by the BNB/USD oracle answer at that block. Marginal token mark, not cash received or an executable bulk-sale value. State block 22883598. Oracle observation age 42 seconds. Pool reserve update age 39 seconds.","Token transfer event; category based on all successful receipt events. LP receipts and redemptions are not sale proceeds. GMI dollar value is a marginal market mark, not cash received or an executable liquidation quote.",2022-11-08 00:00:00,22883599,0x0220a34ba2222424e1a629ad6d9556f49de785400cace7942d4e35f7035f896a,0x36048413c4edf0cf3e633aab317fcd9824dfb4d4,0x58d4b61983ca0afe6e352e90719f403e24e016f4,1000000,https://bscscan.com/tx/0x0220a34ba2222424e1a629ad6d9556f49de785400cace7942d4e35f7035f896a,Available
T109,Private sale proceeds BNB,2022-11-08 16:45:24,BNB,0.36267302469444157,390.44538786,141.60400979318058,1.3441,190.32994956301403,Chainlink USD answer available at the immediately preceding completed block; oracle age is recorded. State block 22883611. Oracle observation age 87 seconds.,Successful native payment to beneficiary in call trace.,2022-11-08 00:00:00,22883612,0x3621e3c7b22846d2aea07991b80dcf5319160c46fb956c7cbbee56ec397b606f,0x10ed43c718714eb63d5aa57b78b54704e256024e,0x36048413c4edf0cf3e633aab317fcd9824dfb4d4,0.36267302469444156,https://bscscan.com/tx/0x3621e3c7b22846d2aea07991b80dcf5319160c46fb956c7cbbee56ec397b606f,Available
T110,Private sale inputs,2022-11-08 16:45:24,GMI,1000000,0.00014348709988226116,143.48709988226116,1.3441,192.86101095174723,"Previous completed block GMI/WBNB reserve ratio multiplied by the BNB/USD oracle answer at that block. Marginal token mark, not cash received or an executable bulk-sale value. State block 22883611. Oracle observation age 87 seconds. Pool reserve update age 45 seconds.","Token transfer event; category based on all successful receipt events. LP receipts and redemptions are not sale proceeds. GMI dollar value is a marginal market mark, not cash received or an executable liquidation quote.",2022-11-08 00:00:00,22883612,0x3621e3c7b22846d2aea07991b80dcf5319160c46fb956c7cbbee56ec397b606f,0x36048413c4edf0cf3e633aab317fcd9824dfb4d4,0x58d4b61983ca0afe6e352e90719f403e24e016f4,1000000,https://bscscan.com/tx/0x3621e3c7b22846d2aea07991b80dcf5319160c46fb956c7cbbee56ec397b606f,Available
T111,Private sale proceeds BNB,2022-11-08 16:46:18,BNB,0.355019843079312,387.766,137.66462447149252,1.3441,185.0350217521331,Chainlink USD answer available at the immediately preceding completed block; oracle age is recorded. State block 22883627. Oracle observation age 54 seconds.,Successful native payment to beneficiary in call trace.,2022-11-08 00:00:00,22883628,0x1f53047d22a56829dd1dd1f28ece71a5b7cae2c51492638e717eb7e2bfafd2c8,0x10ed43c718714eb63d5aa57b78b54704e256024e,0x36048413c4edf0cf3e633aab317fcd9824dfb4d4,0.355019843079312016,https://bscscan.com/tx/0x1f53047d22a56829dd1dd1f28ece71a5b7cae2c51492638e717eb7e2bfafd2c8,Available
T112,Private sale inputs,2022-11-08 16:46:18,GMI,1000000,0.00013947946521731934,139.47946521731933,1.3441,187.47434919859893,"Previous completed block GMI/WBNB reserve ratio multiplied by the BNB/USD oracle answer at that block. Marginal token mark, not cash received or an executable bulk-sale value. State block 22883627. Oracle observation age 54 seconds. Pool reserve update age 54 seconds.","Token transfer event; category based on all successful receipt events. LP receipts and redemptions are not sale proceeds. GMI dollar value is a marginal market mark, not cash received or an executable liquidation quote.",2022-11-08 00:00:00,22883628,0x1f53047d22a56829dd1dd1f28ece71a5b7cae2c51492638e717eb7e2bfafd2c8,0x36048413c4edf0cf3e633aab317fcd9824dfb4d4,0x58d4b61983ca0afe6e352e90719f403e24e016f4,1000000,https://bscscan.com/tx/0x1f53047d22a56829dd1dd1f28ece71a5b7cae2c51492638e717eb7e2bfafd2c8,Available
T113,Private sale proceeds BNB,2022-11-08 16:47:04,BNB,0.17471417282910595,387.14637331,67.63995837664491,1.3441,90.91486805404843,Chainlink USD answer available at the immediately preceding completed block; oracle age is recorded. State block 22883641. Oracle observation age 9 seconds.,Successful native payment to beneficiary in call trace.,2022-11-08 00:00:00,22883642,0xdf15793fb1dfa7b3fce6ea540247630b85a3cadc5b24b420fdd94fc1c8b6a503,0x10ed43c718714eb63d5aa57b78b54704e256024e,0x36048413c4edf0cf3e633aab317fcd9824dfb4d4,0.174714172829105952,https://bscscan.com/tx/0xdf15793fb1dfa7b3fce6ea540247630b85a3cadc5b24b420fdd94fc1c8b6a503,Available
T114,Private sale inputs,2022-11-08 16:47:04,GMI,500000,0.000136333512872911,68.1667564364555,1.3441,91.62293732623985,"Previous completed block GMI/WBNB reserve ratio multiplied by the BNB/USD oracle answer at that block. Marginal token mark, not cash received or an executable bulk-sale value. State block 22883641. Oracle observation age 9 seconds. Pool reserve update age 46 seconds.","Token transfer event; category based on all successful receipt events. LP receipts and redemptions are not sale proceeds. GMI dollar value is a marginal market mark, not cash received or an executable liquidation quote.",2022-11-08 00:00:00,22883642,0xdf15793fb1dfa7b3fce6ea540247630b85a3cadc5b24b420fdd94fc1c8b6a503,0x36048413c4edf0cf3e633aab317fcd9824dfb4d4,0x58d4b61983ca0afe6e352e90719f403e24e016f4,500000,https://bscscan.com/tx/0xdf15793fb1dfa7b3fce6ea540247630b85a3cadc5b24b420fdd94fc1c8b6a503,Available
T115,Private sale proceeds BNB,2022-11-08 16:47:46,BNB,0.2341489189070649,387.14637331,90.64990476932746,1.3441,121.84253700045305,Chainlink USD answer available at the immediately preceding completed block; oracle age is recorded. State block 22883655. Oracle observation age 51 seconds.,Successful native payment to beneficiary in call trace.,2022-11-08 00:00:00,22883656,0x614a22269124783eccee13db957b20c3f73312d8e4f22f73219c8f4595f17152,0x10ed43c718714eb63d5aa57b78b54704e256024e,0x36048413c4edf0cf3e633aab317fcd9824dfb4d4,0.234148918907064907,https://bscscan.com/tx/0x614a22269124783eccee13db957b20c3f73312d8e4f22f73219c8f4595f17152,Available
T116,Private sale inputs,2022-11-08 16:47:46,GMI,700000,0.00013076225580002616,91.53357906001831,1.3441,123.03028361457062,"Previous completed block GMI/WBNB reserve ratio multiplied by the BNB/USD oracle answer at that block. Marginal token mark, not cash received or an executable bulk-sale value. State block 22883655. Oracle observation age 51 seconds. Pool reserve update age 27 seconds.","Token transfer event; category based on all successful receipt events. LP receipts and redemptions are not sale proceeds. GMI dollar value is a marginal market mark, not cash received or an executable liquidation quote.",2022-11-08 00:00:00,22883656,0x614a22269124783eccee13db957b20c3f73312d8e4f22f73219c8f4595f17152,0x36048413c4edf0cf3e633aab317fcd9824dfb4d4,0x58d4b61983ca0afe6e352e90719f403e24e016f4,700000,https://bscscan.com/tx/0x614a22269124783eccee13db957b20c3f73312d8e4f22f73219c8f4595f17152,Available
T117,Private sale proceeds BNB,2022-11-08 16:48:34,BNB,2.4554848421717708,384.85452394,945.0044499759028,1.3441,1270.180481212611,Chainlink USD answer available at the immediately preceding completed block; oracle age is recorded. State block 22883671. Oracle observation age 12 seconds.,Successful native payment to beneficiary in call trace.,2022-11-08 00:00:00,22883672,0x586d19812d910a6a820c55aed37068ea4d1242eaf92ad6a30a5126ef92e4347b,0x10ed43c718714eb63d5aa57b78b54704e256024e,0x36048413c4edf0cf3e633aab317fcd9824dfb4d4,2.455484842171770585,https://bscscan.com/tx/0x586d19812d910a6a820c55aed37068ea4d1242eaf92ad6a30a5126ef92e4347b,Available
T118,Private sale inputs,2022-11-08 16:48:34,GMI,8000000,0.00012812798785923575,1025.023902873886,1.3441,1377.7346278527903,"Previous completed block GMI/WBNB reserve ratio multiplied by the BNB/USD oracle answer at that block. Marginal token mark, not cash received or an executable bulk-sale value. State block 22883671. Oracle observation age 12 seconds. Pool reserve update age 48 seconds.","Token transfer event; category based on all successful receipt events. LP receipts and redemptions are not sale proceeds. GMI dollar value is a marginal market mark, not cash received or an executable liquidation quote.",2022-11-08 00:00:00,22883672,0x586d19812d910a6a820c55aed37068ea4d1242eaf92ad6a30a5126ef92e4347b,0x36048413c4edf0cf3e633aab317fcd9824dfb4d4,0x58d4b61983ca0afe6e352e90719f403e24e016f4,8000000,https://bscscan.com/tx/0x586d19812d910a6a820c55aed37068ea4d1242eaf92ad6a30a5126ef92e4347b,Available
T119,Private onward transfers BNB,2022-11-08 16:49:34,BNB,5,384.85452394,1924.2726197,1.3441,2586.41482813877,Chainlink USD answer available at the immediately preceding completed block; oracle age is recorded. State block 22883691. Oracle observation age 72 seconds.,Native value of successful outer transaction; excludes gas fees.,2022-11-08 00:00:00,22883692,0x1d5dcc48c015a4a9c1cfffdd19f562c28b13d2ea862964db98bf9329223b6e2a,0x36048413c4edf0cf3e633aab317fcd9824dfb4d4,0xf4f86e37815217ed73ae817a4e5164d56315b1d7,5,https://bscscan.com/tx/0x1d5dcc48c015a4a9c1cfffdd19f562c28b13d2ea862964db98bf9329223b6e2a,Available
T120,Private exchange intermediary,2022-11-08 17:45:18,GMI,5000000,0.00011543071228680858,577.1535614340429,1.3441,775.7521019234971,"Previous completed block GMI/WBNB reserve ratio multiplied by the BNB/USD oracle answer at that block. Marginal token mark, not cash received or an executable bulk-sale value. State block 22884793. Oracle observation age 54 seconds. Pool reserve update age 18 seconds.","Token transfer event; category based on all successful receipt events. LP receipts and redemptions are not sale proceeds. GMI dollar value is a marginal market mark, not cash received or an executable liquidation quote.",2022-11-08 00:00:00,22884794,0x17b757eede0f625d11d0306746682a4a32a1eaa00e1de64e8250c08b7e07f8f2,0x36048413c4edf0cf3e633aab317fcd9824dfb4d4,0x9564f530d9f270a48c510a92c97b59248cefd464,5000000,https://bscscan.com/tx/0x17b757eede0f625d11d0306746682a4a32a1eaa00e1de64e8250c08b7e07f8f2,Available
T121,Private MEXC 2e8 receipt,2022-11-08 17:48:21,GMI,5000000,0.00011521670919532248,576.0835459766124,1.3441,774.3138941471648,"Previous completed block GMI/WBNB reserve ratio multiplied by the BNB/USD oracle answer at that block. Marginal token mark, not cash received or an executable bulk-sale value. State block 22884853. Oracle observation age 54 seconds. Pool reserve update age 201 seconds.","Actual onward token transfer; final customer account and disposition require service records. GMI dollar value is a marginal market mark, not cash received or an executable liquidation quote. Destination has current MEXC disclosure/labels; historical customer credit and sale require provider records.",2022-11-08 00:00:00,22884854,0xb0b3bf6768b4cb92820c90c4aca9a2103e3b49c753b31bf6258916b3dab5855c,0x9564f530d9f270a48c510a92c97b59248cefd464,0x2e8f79ad740de90dc5f5a9f0d8d9661a60725e64,5000000,https://bscscan.com/tx/0xb0b3bf6768b4cb92820c90c4aca9a2103e3b49c753b31bf6258916b3dab5855c,Available
T122,Private sale inputs,2022-11-11 05:09:12,GMI,500000,9.876125943954224e-05,49.380629719771115,1.3378,66.0614064391098,"Previous completed block GMI/WBNB reserve ratio multiplied by the BNB/USD oracle answer at that block. Marginal token mark, not cash received or an executable bulk-sale value. State block 22954702. Oracle observation age 69 seconds. Pool reserve update age 2634 seconds.","Token transfer event; category based on all successful receipt events. LP receipts and redemptions are not sale proceeds. GMI dollar value is a marginal market mark, not cash received or an executable liquidation quote.",2022-11-10 00:00:00,22954703,0xf12713c4fc0ab16c4ebeb52a5b195f62ba828ed1f484c1c2dc4b610192fdb5d3,0x36048413c4edf0cf3e633aab317fcd9824dfb4d4,0x58d4b61983ca0afe6e352e90719f403e24e016f4,500000,https://bscscan.com/tx/0xf12713c4fc0ab16c4ebeb52a5b195f62ba828ed1f484c1c2dc4b610192fdb5d3,Available
T123,Private sale proceeds BUSD,2022-11-11 05:09:12,BUSD,48.7350739735549,1.0011888,48.793010229494655,1.3378,65.27528908501796,Chainlink USD answer available at the immediately preceding completed block; oracle age is recorded. State block 22954702. Oracle observation age 651 seconds.,Token transfer event; category based on all successful receipt events. LP receipts and redemptions are not sale proceeds.,2022-11-10 00:00:00,22954703,0xf12713c4fc0ab16c4ebeb52a5b195f62ba828ed1f484c1c2dc4b610192fdb5d3,0x58f876857a02d6762e0101bb5c46a8c1ed44dc16,0x36048413c4edf0cf3e633aab317fcd9824dfb4d4,48.735073973554895612,https://bscscan.com/tx/0xf12713c4fc0ab16c4ebeb52a5b195f62ba828ed1f484c1c2dc4b610192fdb5d3,Available
T124,Private sale inputs,2022-11-11 05:09:39,GMI,550000,9.767886656784089e-05,53.72337661231249,1.3378,71.87113323195166,"Previous completed block GMI/WBNB reserve ratio multiplied by the BNB/USD oracle answer at that block. Marginal token mark, not cash received or an executable bulk-sale value. State block 22954711. Oracle observation age 6 seconds. Pool reserve update age 27 seconds.","Token transfer event; category based on all successful receipt events. LP receipts and redemptions are not sale proceeds. GMI dollar value is a marginal market mark, not cash received or an executable liquidation quote.",2022-11-10 00:00:00,22954712,0x8787922cbe10a5e97d96e00db948bc4d98990fc90e4d15f7ba942fbd42b376b6,0x36048413c4edf0cf3e633aab317fcd9824dfb4d4,0x58d4b61983ca0afe6e352e90719f403e24e016f4,550000,https://bscscan.com/tx/0x8787922cbe10a5e97d96e00db948bc4d98990fc90e4d15f7ba942fbd42b376b6,Available
T125,Private sale proceeds BUSD,2022-11-11 05:09:39,BUSD,53.033274887508284,1.0011888,53.09632084469455,1.3378,71.03225802603238,Chainlink USD answer available at the immediately preceding completed block; oracle age is recorded. State block 22954711. Oracle observation age 678 seconds.,Token transfer event; category based on all successful receipt events. LP receipts and redemptions are not sale proceeds.,2022-11-10 00:00:00,22954712,0x8787922cbe10a5e97d96e00db948bc4d98990fc90e4d15f7ba942fbd42b376b6,0x58f876857a02d6762e0101bb5c46a8c1ed44dc16,0x36048413c4edf0cf3e633aab317fcd9824dfb4d4,53.033274887508283565,https://bscscan.com/tx/0x8787922cbe10a5e97d96e00db948bc4d98990fc90e4d15f7ba942fbd42b376b6,Available
T126,Private liquidity returns BNB,2022-11-11 05:31:52,BNB,2.6079439747208277,294.62778676,768.3727612660748,1.3378,1027.929080021755,Chainlink USD answer available at the immediately preceding completed block; oracle age is recorded. State block 22955141. Oracle observation age 76 seconds.,Successful native payment to beneficiary in call trace. Liquidity-position leg; overlaps underlying tokens or LP shares. Do not add to sale proceeds.,2022-11-10 00:00:00,22955142,0x4c628980278e22d7747cbf7a573ae0bded7a90afc8f9594aab800c3babfd37a5,0x10ed43c718714eb63d5aa57b78b54704e256024e,0x36048413c4edf0cf3e633aab317fcd9824dfb4d4,2.607943974720827936,https://bscscan.com/tx/0x4c628980278e22d7747cbf7a573ae0bded7a90afc8f9594aab800c3babfd37a5,Available
T127,Private LP tokens redeemed,2022-11-11 05:31:52,GMI-WBNB LP,2294.4728378119794,0.6697866249008508,1536.807217964763,1.3378,2055.94069619326,"Previous-block marginal liquidity-token NAV: two times WBNB reserve times BNB/USD oracle answer divided by outstanding LP units. Underlying GMI is marked at the same pool reserve ratio. A valuation of the LP claim on pool assets; not a separate cash receipt, executed liquidation value, or an amount to add to underlying deposit/redemption legs. State block 22955141. Oracle observation age 76 seconds. Pool reserve update age 1333 seconds.",Token transfer event; category based on all successful receipt events. LP receipts and redemptions are not sale proceeds. Liquidity-position leg; overlaps underlying tokens or LP shares. Do not add to sale proceeds.,2022-11-10 00:00:00,22955142,0x4c628980278e22d7747cbf7a573ae0bded7a90afc8f9594aab800c3babfd37a5,0x36048413c4edf0cf3e633aab317fcd9824dfb4d4,0x58d4b61983ca0afe6e352e90719f403e24e016f4,2294.472837811979272545,https://bscscan.com/tx/0x4c628980278e22d7747cbf7a573ae0bded7a90afc8f9594aab800c3babfd37a5,Available
T128,Private liquidity returns GMI,2022-11-11 05:31:52,GMI,7894389.253220628,9.73315017311322e-05,768.3727612660749,1.3378,1027.929080021755,"Previous completed block GMI/WBNB reserve ratio multiplied by the BNB/USD oracle answer at that block. Marginal token mark, not cash received or an executable bulk-sale value. State block 22955141. Oracle observation age 76 seconds. Pool reserve update age 1333 seconds.","Token transfer event; category based on all successful receipt events. LP receipts and redemptions are not sale proceeds. GMI dollar value is a marginal market mark, not cash received or an executable liquidation quote. Liquidity-position leg; overlaps underlying tokens or LP shares. Do not add to sale proceeds.",2022-11-10 00:00:00,22955142,0x4c628980278e22d7747cbf7a573ae0bded7a90afc8f9594aab800c3babfd37a5,0x10ed43c718714eb63d5aa57b78b54704e256024e,0x36048413c4edf0cf3e633aab317fcd9824dfb4d4,7894389.253220628318984269,https://bscscan.com/tx/0x4c628980278e22d7747cbf7a573ae0bded7a90afc8f9594aab800c3babfd37a5,Available
T129,Private sale inputs,2022-11-11 05:33:28,GMI,1400000,9.746855482110838e-05,136.45597674955172,1.3378,182.5508056955503,"Previous completed block GMI/WBNB reserve ratio multiplied by the BNB/USD oracle answer at that block. Marginal token mark, not cash received or an executable bulk-sale value. State block 22955173. Oracle observation age 84 seconds. Pool reserve update age 96 seconds.","Token transfer event; category based on all successful receipt events. LP receipts and redemptions are not sale proceeds. GMI dollar value is a marginal market mark, not cash received or an executable liquidation quote.",2022-11-10 00:00:00,22955174,0x9f459055deac9f568871f6cd92077f03673958ab46184ef4dd8bacf911b92164,0x36048413c4edf0cf3e633aab317fcd9824dfb4d4,0x58d4b61983ca0afe6e352e90719f403e24e016f4,1400000,https://bscscan.com/tx/0x9f459055deac9f568871f6cd92077f03673958ab46184ef4dd8bacf911b92164,Available
T130,Private sale proceeds BUSD,2022-11-11 05:33:28,BUSD,133.36554443541976,1.00152317,133.56868283173748,1.3378,178.6881838922984,Chainlink USD answer available at the immediately preceding completed block; oracle age is recorded. State block 22955173. Oracle observation age 242 seconds.,Token transfer event; category based on all successful receipt events. LP receipts and redemptions are not sale proceeds.,2022-11-10 00:00:00,22955174,0x9f459055deac9f568871f6cd92077f03673958ab46184ef4dd8bacf911b92164,0x58f876857a02d6762e0101bb5c46a8c1ed44dc16,0x36048413c4edf0cf3e633aab317fcd9824dfb4d4,133.365544435419768283,https://bscscan.com/tx/0x9f459055deac9f568871f6cd92077f03673958ab46184ef4dd8bacf911b92164,Available
T131,Private sale inputs,2022-11-11 05:37:47,GMI,100000,9.469449222976629e-05,9.469449222976628,1.3378,12.668229170498135,"Previous completed block GMI/WBNB reserve ratio multiplied by the BNB/USD oracle answer at that block. Marginal token mark, not cash received or an executable bulk-sale value. State block 22955258. Oracle observation age 72 seconds. Pool reserve update age 259 seconds.","Token transfer event; category based on all successful receipt events. LP receipts and redemptions are not sale proceeds. GMI dollar value is a marginal market mark, not cash received or an executable liquidation quote.",2022-11-10 00:00:00,22955259,0x0361272c59d8be9106aa8b64385d5366cd8579da22d3764281c01ed214e3b6f5,0x36048413c4edf0cf3e633aab317fcd9824dfb4d4,0x58d4b61983ca0afe6e352e90719f403e24e016f4,100000,https://bscscan.com/tx/0x0361272c59d8be9106aa8b64385d5366cd8579da22d3764281c01ed214e3b6f5,Available
T132,Private sale proceeds BUSD,2022-11-11 05:37:47,BUSD,9.382476953448656,1.00152317,9.39676806086984,1.3378,12.570996311831674,Chainlink USD answer available at the immediately preceding completed block; oracle age is recorded. State block 22955258. Oracle observation age 501 seconds.,Token transfer event; category based on all successful receipt events. LP receipts and redemptions are not sale proceeds.,2022-11-10 00:00:00,22955259,0x0361272c59d8be9106aa8b64385d5366cd8579da22d3764281c01ed214e3b6f5,0x58f876857a02d6762e0101bb5c46a8c1ed44dc16,0x36048413c4edf0cf3e633aab317fcd9824dfb4d4,9.38247695344865642,https://bscscan.com/tx/0x0361272c59d8be9106aa8b64385d5366cd8579da22d3764281c01ed214e3b6f5,Available
T133,Private BUSD forwarded to F4F,2022-11-19 09:48:03,BUSD,244.5163702499316,1.00006906,244.53325655046106,1.3385,327.30776389279214,Chainlink USD answer available at the immediately preceding completed block; oracle age is recorded. State block 23186708. Oracle observation age 638 seconds.,Token transfer event; category based on all successful receipt events. LP receipts and redemptions are not sale proceeds.,2022-11-18 00:00:00,23186709,0x3eb4a557e3cc88acc7e64dd9f66a4df9a383c106f999f5dbe19975432bcf8494,0x36048413c4edf0cf3e633aab317fcd9824dfb4d4,0xf4f86e37815217ed73ae817a4e5164d56315b1d7,244.51637024993160388,https://bscscan.com/tx/0x3eb4a557e3cc88acc7e64dd9f66a4df9a383c106f999f5dbe19975432bcf8494,Available
T134,Private sale proceeds BNB,2022-11-19 09:51:51,BNB,4.285289686843635,270.557448,1159.417041613133,1.3385,1551.8797101991786,Chainlink USD answer available at the immediately preceding completed block; oracle age is recorded. State block 23186784. Oracle observation age 84 seconds.,Successful native payment to beneficiary in call trace.,2022-11-18 00:00:00,23186785,0x40871b477df601e7681470deaca31d58be0a4e2b1656f9f385c2268555074d9f,0x10ed43c718714eb63d5aa57b78b54704e256024e,0x36048413c4edf0cf3e633aab317fcd9824dfb4d4,4.285289686843634647,https://bscscan.com/tx/0x40871b477df601e7681470deaca31d58be0a4e2b1656f9f385c2268555074d9f,Available
T135,Private sale inputs,2022-11-19 09:51:51,GMI,14507027.807003582,9.335980129156885e-05,1354.3732333931182,1.3385,1812.8285728966887,"Previous completed block GMI/WBNB reserve ratio multiplied by the BNB/USD oracle answer at that block. Marginal token mark, not cash received or an executable bulk-sale value. State block 23186784. Oracle observation age 84 seconds. Pool reserve update age 13965 seconds.","Token transfer event; category based on all successful receipt events. LP receipts and redemptions are not sale proceeds. GMI dollar value is a marginal market mark, not cash received or an executable liquidation quote.",2022-11-18 00:00:00,23186785,0x40871b477df601e7681470deaca31d58be0a4e2b1656f9f385c2268555074d9f,0x36048413c4edf0cf3e633aab317fcd9824dfb4d4,0x58d4b61983ca0afe6e352e90719f403e24e016f4,14507027.807003581863724602,https://bscscan.com/tx/0x40871b477df601e7681470deaca31d58be0a4e2b1656f9f385c2268555074d9f,Available
T136,Private sale proceeds BNB,2022-11-19 09:53:15,BNB,0.3901475231910669,270.52096362,105.5430839276037,1.3385,141.26941783709756,Chainlink USD answer available at the immediately preceding completed block; oracle age is recorded. State block 23186812. Oracle observation age 81 seconds.,Successful native payment to beneficiary in call trace.,2022-11-18 00:00:00,23186813,0xf9982e1d1a5043c22b7fbc3e7c0c005f40f18aa382c4004a21c0f35e3598af46,0x10ed43c718714eb63d5aa57b78b54704e256024e,0x36048413c4edf0cf3e633aab317fcd9824dfb4d4,0.390147523191066866,https://bscscan.com/tx/0xf9982e1d1a5043c22b7fbc3e7c0c005f40f18aa382c4004a21c0f35e3598af46,Available
T137,Private sale inputs,2022-11-19 09:53:15,GMI,1400000,7.666859590503337e-05,107.33603426704673,1.3385,143.66928186644205,"Previous completed block GMI/WBNB reserve ratio multiplied by the BNB/USD oracle answer at that block. Marginal token mark, not cash received or an executable bulk-sale value. State block 23186812. Oracle observation age 81 seconds. Pool reserve update age 42 seconds.","Token transfer event; category based on all successful receipt events. LP receipts and redemptions are not sale proceeds. GMI dollar value is a marginal market mark, not cash received or an executable liquidation quote.",2022-11-18 00:00:00,23186813,0xf9982e1d1a5043c22b7fbc3e7c0c005f40f18aa382c4004a21c0f35e3598af46,0x36048413c4edf0cf3e633aab317fcd9824dfb4d4,0x58d4b61983ca0afe6e352e90719f403e24e016f4,1400000,https://bscscan.com/tx/0xf9982e1d1a5043c22b7fbc3e7c0c005f40f18aa382c4004a21c0f35e3598af46,Available
T138,Private sale proceeds BNB,2022-11-19 09:54:06,BNB,0.6917419859445041,270.43815142,187.07342393843132,1.3385,250.39777794159033,Chainlink USD answer available at the immediately preceding completed block; oracle age is recorded. State block 23186829. Oracle observation age 42 seconds.,Successful native payment to beneficiary in call trace.,2022-11-18 00:00:00,23186830,0x5c12f503cfa66df55253faafb3d0c81972ca744ecfac296103b857a1607c256b,0x10ed43c718714eb63d5aa57b78b54704e256024e,0x36048413c4edf0cf3e633aab317fcd9824dfb4d4,0.691741985944504144,https://bscscan.com/tx/0x5c12f503cfa66df55253faafb3d0c81972ca744ecfac296103b857a1607c256b,Available
T139,Private sale inputs,2022-11-19 09:54:06,GMI,2500000,7.695582817830207e-05,192.38957044575517,1.3385,257.5134400416433,"Previous completed block GMI/WBNB reserve ratio multiplied by the BNB/USD oracle answer at that block. Marginal token mark, not cash received or an executable bulk-sale value. State block 23186829. Oracle observation age 42 seconds. Pool reserve update age 27 seconds.","Token transfer event; category based on all successful receipt events. LP receipts and redemptions are not sale proceeds. GMI dollar value is a marginal market mark, not cash received or an executable liquidation quote.",2022-11-18 00:00:00,23186830,0x5c12f503cfa66df55253faafb3d0c81972ca744ecfac296103b857a1607c256b,0x36048413c4edf0cf3e633aab317fcd9824dfb4d4,0x58d4b61983ca0afe6e352e90719f403e24e016f4,2500000,https://bscscan.com/tx/0x5c12f503cfa66df55253faafb3d0c81972ca744ecfac296103b857a1607c256b,Available
T140,Private sale proceeds BNB,2022-11-19 09:58:45,BNB,0.38826705212331053,270.51406971,105.03170040418144,1.3385,140.58493099099687,Chainlink USD answer available at the immediately preceding completed block; oracle age is recorded. State block 23186922. Oracle observation age 81 seconds.,Successful native payment to beneficiary in call trace.,2022-11-18 00:00:00,23186923,0x617019de109e31af87c9b84bf0f6c922693eee86f7db2598e252f49dd4cd8270,0x10ed43c718714eb63d5aa57b78b54704e256024e,0x36048413c4edf0cf3e633aab317fcd9824dfb4d4,0.388267052123310526,https://bscscan.com/tx/0x617019de109e31af87c9b84bf0f6c922693eee86f7db2598e252f49dd4cd8270,Available
T141,Private sale inputs,2022-11-19 09:58:45,GMI,1400000,7.62943566015584e-05,106.81209924218174,1.3385,142.96799483566028,"Previous completed block GMI/WBNB reserve ratio multiplied by the BNB/USD oracle answer at that block. Marginal token mark, not cash received or an executable bulk-sale value. State block 23186922. Oracle observation age 81 seconds. Pool reserve update age 249 seconds.","Token transfer event; category based on all successful receipt events. LP receipts and redemptions are not sale proceeds. GMI dollar value is a marginal market mark, not cash received or an executable liquidation quote.",2022-11-18 00:00:00,23186923,0x617019de109e31af87c9b84bf0f6c922693eee86f7db2598e252f49dd4cd8270,0x36048413c4edf0cf3e633aab317fcd9824dfb4d4,0x58d4b61983ca0afe6e352e90719f403e24e016f4,1400000,https://bscscan.com/tx/0x617019de109e31af87c9b84bf0f6c922693eee86f7db2598e252f49dd4cd8270,Available
T142,Private sale proceeds BNB,2022-11-21 07:44:29,BNB,0.5821295433921159,258.45,150.45138048969233,1.3452,202.3871970347341,Chainlink USD answer available at the immediately preceding completed block; oracle age is recorded. State block 23241240. Oracle observation age 57 seconds.,Successful native payment to beneficiary in call trace.,2022-11-21 00:00:00,23241241,0xf3fd8ec2971cfb10f8ddd36e5a1129d8a3770dfdcbf77efeeab9cf9ac7974b6b,0x10ed43c718714eb63d5aa57b78b54704e256024e,0x36048413c4edf0cf3e633aab317fcd9824dfb4d4,0.582129543392115814,https://bscscan.com/tx/0xf3fd8ec2971cfb10f8ddd36e5a1129d8a3770dfdcbf77efeeab9cf9ac7974b6b,Available
T143,Private sale inputs,2022-11-21 07:44:29,GMI,2000000,7.700932017162246e-05,154.01864034324493,1.3452,207.18587498973307,"Previous completed block GMI/WBNB reserve ratio multiplied by the BNB/USD oracle answer at that block. Marginal token mark, not cash received or an executable bulk-sale value. State block 23241240. Oracle observation age 57 seconds. Pool reserve update age 54 seconds.","Token transfer event; category based on all successful receipt events. LP receipts and redemptions are not sale proceeds. GMI dollar value is a marginal market mark, not cash received or an executable liquidation quote.",2022-11-21 00:00:00,23241241,0xf3fd8ec2971cfb10f8ddd36e5a1129d8a3770dfdcbf77efeeab9cf9ac7974b6b,0x36048413c4edf0cf3e633aab317fcd9824dfb4d4,0x58d4b61983ca0afe6e352e90719f403e24e016f4,2000000,https://bscscan.com/tx/0xf3fd8ec2971cfb10f8ddd36e5a1129d8a3770dfdcbf77efeeab9cf9ac7974b6b,Available
T144,Private sale proceeds BNB,2022-11-21 07:44:59,BNB,1.094736394511956,258.45,282.934621161615,1.3452,380.60365238660444,Chainlink USD answer available at the immediately preceding completed block; oracle age is recorded. State block 23241250. Oracle observation age 87 seconds.,Successful native payment to beneficiary in call trace.,2022-11-21 00:00:00,23241251,0xd26e3e5d5e5e3c8375e72b16196857d66e9b84c74bb5ebfeeca7ea3356926d7b,0x10ed43c718714eb63d5aa57b78b54704e256024e,0x36048413c4edf0cf3e633aab317fcd9824dfb4d4,1.094736394511955932,https://bscscan.com/tx/0xd26e3e5d5e5e3c8375e72b16196857d66e9b84c74bb5ebfeeca7ea3356926d7b,Available
T145,Private sale inputs,2022-11-21 07:44:59,GMI,4000000,7.384833700678277e-05,295.3933480271311,1.3452,397.3631317660967,"Previous completed block GMI/WBNB reserve ratio multiplied by the BNB/USD oracle answer at that block. Marginal token mark, not cash received or an executable bulk-sale value. State block 23241250. Oracle observation age 87 seconds. Pool reserve update age 30 seconds.","Token transfer event; category based on all successful receipt events. LP receipts and redemptions are not sale proceeds. GMI dollar value is a marginal market mark, not cash received or an executable liquidation quote.",2022-11-21 00:00:00,23241251,0xd26e3e5d5e5e3c8375e72b16196857d66e9b84c74bb5ebfeeca7ea3356926d7b,0x36048413c4edf0cf3e633aab317fcd9824dfb4d4,0x58d4b61983ca0afe6e352e90719f403e24e016f4,4000000,https://bscscan.com/tx/0xd26e3e5d5e5e3c8375e72b16196857d66e9b84c74bb5ebfeeca7ea3356926d7b,Available
T146,Private sale inputs,2022-11-21 07:48:41,GMI,4000000,6.890729699418608e-05,275.6291879767443,1.3452,370.7763836663164,"Previous completed block GMI/WBNB reserve ratio multiplied by the BNB/USD oracle answer at that block. Marginal token mark, not cash received or an executable bulk-sale value. State block 23241324. Oracle observation age 39 seconds. Pool reserve update age 216 seconds.","Token transfer event; category based on all successful receipt events. LP receipts and redemptions are not sale proceeds. GMI dollar value is a marginal market mark, not cash received or an executable liquidation quote.",2022-11-21 00:00:00,23241325,0xc21c3c3ee62057ebe5f0bebbac78f48d7c16d24c81620f1461525c2005f95a19,0x36048413c4edf0cf3e633aab317fcd9824dfb4d4,0x58d4b61983ca0afe6e352e90719f403e24e016f4,4000000,https://bscscan.com/tx/0xc21c3c3ee62057ebe5f0bebbac78f48d7c16d24c81620f1461525c2005f95a19,Available
T147,Private sale proceeds BUSD,2022-11-21 07:48:41,BUSD,263.86772178766705,1.00045431,263.9875995323524,1.3452,355.11611889092046,Chainlink USD answer available at the immediately preceding completed block; oracle age is recorded. State block 23241324. Oracle observation age 594 seconds.,Token transfer event; category based on all successful receipt events. LP receipts and redemptions are not sale proceeds.,2022-11-21 00:00:00,23241325,0xc21c3c3ee62057ebe5f0bebbac78f48d7c16d24c81620f1461525c2005f95a19,0x58f876857a02d6762e0101bb5c46a8c1ed44dc16,0x36048413c4edf0cf3e633aab317fcd9824dfb4d4,263.867721787667042029,https://bscscan.com/tx/0xc21c3c3ee62057ebe5f0bebbac78f48d7c16d24c81620f1461525c2005f95a19,Available
T148,Private BUSD forwarded to F4F,2022-11-24 00:36:33,BUSD,263.86772178766705,1.00009601,263.8930557276359,1.3338,351.9805577295208,Chainlink USD answer available at the immediately preceding completed block; oracle age is recorded. State block 23317942. Oracle observation age 204 seconds.,Token transfer event; category based on all successful receipt events. LP receipts and redemptions are not sale proceeds.,2022-11-24 00:00:00,23317943,0xbb03bd0e65bb67fead14f138687283a1c167133570962c92f9614b0eef21df9b,0x36048413c4edf0cf3e633aab317fcd9824dfb4d4,0xf4f86e37815217ed73ae817a4e5164d56315b1d7,263.867721787667042029,https://bscscan.com/tx/0xbb03bd0e65bb67fead14f138687283a1c167133570962c92f9614b0eef21df9b,Available
T149,Private sale inputs,2022-11-24 00:38:21,GMI,4000000,8.421761490334243e-05,336.87045961336975,1.3338,449.3178190323126,"Previous completed block GMI/WBNB reserve ratio multiplied by the BNB/USD oracle answer at that block. Marginal token mark, not cash received or an executable bulk-sale value. State block 23317978. Oracle observation age 60 seconds. Pool reserve update age 8380 seconds.","Token transfer event; category based on all successful receipt events. LP receipts and redemptions are not sale proceeds. GMI dollar value is a marginal market mark, not cash received or an executable liquidation quote.",2022-11-24 00:00:00,23317979,0x5859779a769835115a1a080ad0c95721a81bcbc42365c98f584a57422caca8c1,0x36048413c4edf0cf3e633aab317fcd9824dfb4d4,0x58d4b61983ca0afe6e352e90719f403e24e016f4,4000000,https://bscscan.com/tx/0x5859779a769835115a1a080ad0c95721a81bcbc42365c98f584a57422caca8c1,Available
T150,Private sale proceeds BUSD,2022-11-24 00:38:21,BUSD,320.5947963605562,1.00009601,320.62557666695477,1.3338,427.6503941583843,Chainlink USD answer available at the immediately preceding completed block; oracle age is recorded. State block 23317978. Oracle observation age 312 seconds.,Token transfer event; category based on all successful receipt events. LP receipts and redemptions are not sale proceeds.,2022-11-24 00:00:00,23317979,0x5859779a769835115a1a080ad0c95721a81bcbc42365c98f584a57422caca8c1,0x58f876857a02d6762e0101bb5c46a8c1ed44dc16,0x36048413c4edf0cf3e633aab317fcd9824dfb4d4,320.59479636055620389,https://bscscan.com/tx/0x5859779a769835115a1a080ad0c95721a81bcbc42365c98f584a57422caca8c1,Available
T151,Private sale inputs,2022-11-24 00:39:00,GMI,950000,7.722740779436006e-05,73.36603740464206,1.3338,97.85562069031158,"Previous completed block GMI/WBNB reserve ratio multiplied by the BNB/USD oracle answer at that block. Marginal token mark, not cash received or an executable bulk-sale value. State block 23317991. Oracle observation age 12 seconds. Pool reserve update age 39 seconds.","Token transfer event; category based on all successful receipt events. LP receipts and redemptions are not sale proceeds. GMI dollar value is a marginal market mark, not cash received or an executable liquidation quote.",2022-11-24 00:00:00,23317992,0x2c0841746c441de727842824780b6e09247f6fd6b49945cbe6a4e134615c5664,0x36048413c4edf0cf3e633aab317fcd9824dfb4d4,0x58d4b61983ca0afe6e352e90719f403e24e016f4,950000,https://bscscan.com/tx/0x2c0841746c441de727842824780b6e09247f6fd6b49945cbe6a4e134615c5664,Available
T152,Private sale proceeds BUSD,2022-11-24 00:39:00,BUSD,72.43306173328634,1.00009601,72.44001603154335,1.3338,96.62049338287252,Chainlink USD answer available at the immediately preceding completed block; oracle age is recorded. State block 23317991. Oracle observation age 351 seconds.,Token transfer event; category based on all successful receipt events. LP receipts and redemptions are not sale proceeds.,2022-11-24 00:00:00,23317992,0x2c0841746c441de727842824780b6e09247f6fd6b49945cbe6a4e134615c5664,0x58f876857a02d6762e0101bb5c46a8c1ed44dc16,0x36048413c4edf0cf3e633aab317fcd9824dfb4d4,72.433061733286341383,https://bscscan.com/tx/0x2c0841746c441de727842824780b6e09247f6fd6b49945cbe6a4e134615c5664,Available
T153,Private sale inputs,2022-11-24 00:40:24,GMI,800000,7.572699374362675e-05,60.5815949949014,1.3338,80.8037314041995,"Previous completed block GMI/WBNB reserve ratio multiplied by the BNB/USD oracle answer at that block. Marginal token mark, not cash received or an executable bulk-sale value. State block 23318019. Oracle observation age 3 seconds. Pool reserve update age 84 seconds.","Token transfer event; category based on all successful receipt events. LP receipts and redemptions are not sale proceeds. GMI dollar value is a marginal market mark, not cash received or an executable liquidation quote.",2022-11-24 00:00:00,23318020,0x81a87dc87a1b3d6fc76b6c21d3b7290b0daa0a15a714015401631bee2ee8fbe4,0x36048413c4edf0cf3e633aab317fcd9824dfb4d4,0x58d4b61983ca0afe6e352e90719f403e24e016f4,800000,https://bscscan.com/tx/0x81a87dc87a1b3d6fc76b6c21d3b7290b0daa0a15a714015401631bee2ee8fbe4,Available
T154,Private sale proceeds BUSD,2022-11-24 00:40:24,BUSD,59.92545307285079,1.00009601,59.93120651560032,1.3338,79.93624325050772,Chainlink USD answer available at the immediately preceding completed block; oracle age is recorded. State block 23318019. Oracle observation age 435 seconds.,Token transfer event; category based on all successful receipt events. LP receipts and redemptions are not sale proceeds.,2022-11-24 00:00:00,23318020,0x81a87dc87a1b3d6fc76b6c21d3b7290b0daa0a15a714015401631bee2ee8fbe4,0x58f876857a02d6762e0101bb5c46a8c1ed44dc16,0x36048413c4edf0cf3e633aab317fcd9824dfb4d4,59.925453072850792848,https://bscscan.com/tx/0x81a87dc87a1b3d6fc76b6c21d3b7290b0daa0a15a714015401631bee2ee8fbe4,Available
T155,Private sale inputs,2022-11-24 00:41:06,GMI,650000,7.455291932869756e-05,48.45939756365341,1.3338,64.63514447040093,"Previous completed block GMI/WBNB reserve ratio multiplied by the BNB/USD oracle answer at that block. Marginal token mark, not cash received or an executable bulk-sale value. State block 23318033. Oracle observation age 45 seconds. Pool reserve update age 42 seconds.","Token transfer event; category based on all successful receipt events. LP receipts and redemptions are not sale proceeds. GMI dollar value is a marginal market mark, not cash received or an executable liquidation quote.",2022-11-24 00:00:00,23318034,0x677dc2036fbb3fc31181eaefd5a9329e7dee8af63cc26ba341f03316b99a60e2,0x36048413c4edf0cf3e633aab317fcd9824dfb4d4,0x58d4b61983ca0afe6e352e90719f403e24e016f4,650000,https://bscscan.com/tx/0x677dc2036fbb3fc31181eaefd5a9329e7dee8af63cc26ba341f03316b99a60e2,Available
T156,Private sale proceeds BUSD,2022-11-24 00:41:06,BUSD,48.006999573725544,1.00009601,48.01160872575462,1.3338,64.03788371841152,Chainlink USD answer available at the immediately preceding completed block; oracle age is recorded. State block 23318033. Oracle observation age 477 seconds.,Token transfer event; category based on all successful receipt events. LP receipts and redemptions are not sale proceeds.,2022-11-24 00:00:00,23318034,0x677dc2036fbb3fc31181eaefd5a9329e7dee8af63cc26ba341f03316b99a60e2,0x58f876857a02d6762e0101bb5c46a8c1ed44dc16,0x36048413c4edf0cf3e633aab317fcd9824dfb4d4,48.006999573725546959,https://bscscan.com/tx/0x677dc2036fbb3fc31181eaefd5a9329e7dee8af63cc26ba341f03316b99a60e2,Available
T157,Private BUSD forwarded to F4F,2022-11-24 00:45:06,BUSD,500.9603107404189,1.00009601,501.0084079398531,1.3338,668.2450145101761,Chainlink USD answer available at the immediately preceding completed block; oracle age is recorded. State block 23318113. Oracle observation age 717 seconds.,Token transfer event; category based on all successful receipt events. LP receipts and redemptions are not sale proceeds.,2022-11-24 00:00:00,23318114,0x48f746263d74036dc34eba31e3bb83c45a64b4793fabe1e0188977b79c674074,0x36048413c4edf0cf3e633aab317fcd9824dfb4d4,0xf4f86e37815217ed73ae817a4e5164d56315b1d7,500.96031074041888508,https://bscscan.com/tx/0x48f746263d74036dc34eba31e3bb83c45a64b4793fabe1e0188977b79c674074,Available
T158,Private sale inputs,2022-11-24 12:29:54,GMI,5000000,7.959590398844442e-05,397.97951994222205,1.3338,530.8250836989358,"Previous completed block GMI/WBNB reserve ratio multiplied by the BNB/USD oracle answer at that block. Marginal token mark, not cash received or an executable bulk-sale value. State block 23332023. Oracle observation age 21 seconds. Pool reserve update age 42 seconds.","Token transfer event; category based on all successful receipt events. LP receipts and redemptions are not sale proceeds. GMI dollar value is a marginal market mark, not cash received or an executable liquidation quote.",2022-11-24 00:00:00,23332024,0x7d8d9e6e8a7d9111c2f6bab0463afca7297e04aedc80a9f7ce31a2eef2d18cf7,0x36048413c4edf0cf3e633aab317fcd9824dfb4d4,0x58d4b61983ca0afe6e352e90719f403e24e016f4,5000000,https://bscscan.com/tx/0x7d8d9e6e8a7d9111c2f6bab0463afca7297e04aedc80a9f7ce31a2eef2d18cf7,Available
T159,Private sale proceeds BUSD,2022-11-24 12:29:54,BUSD,376.43163389989485,1.00013887,376.48390896089455,1.3338,502.1542377720412,Chainlink USD answer available at the immediately preceding completed block; oracle age is recorded. State block 23332023. Oracle observation age 288 seconds.,Token transfer event; category based on all successful receipt events. LP receipts and redemptions are not sale proceeds.,2022-11-24 00:00:00,23332024,0x7d8d9e6e8a7d9111c2f6bab0463afca7297e04aedc80a9f7ce31a2eef2d18cf7,0x58f876857a02d6762e0101bb5c46a8c1ed44dc16,0x36048413c4edf0cf3e633aab317fcd9824dfb4d4,376.431633899894859871,https://bscscan.com/tx/0x7d8d9e6e8a7d9111c2f6bab0463afca7297e04aedc80a9f7ce31a2eef2d18cf7,Available
T160,Private BUSD forwarded to F4F,2022-11-24 12:30:30,BUSD,376.43163389989485,1.00013887,376.48390896089455,1.3338,502.1542377720412,Chainlink USD answer available at the immediately preceding completed block; oracle age is recorded. State block 23332035. Oracle observation age 324 seconds.,Token transfer event; category based on all successful receipt events. LP receipts and redemptions are not sale proceeds.,2022-11-24 00:00:00,23332036,0x19b579dfe3278ba3ae20519200db7d1d910aa34191796ca59bc8c3cd07205066,0x36048413c4edf0cf3e633aab317fcd9824dfb4d4,0xf4f86e37815217ed73ae817a4e5164d56315b1d7,376.431633899894859871,https://bscscan.com/tx/0x19b579dfe3278ba3ae20519200db7d1d910aa34191796ca59bc8c3cd07205066,Available
T161,Private sale inputs,2022-11-24 13:37:22,GMI,4205270.855252686,7.221240699043782e-05,303.6727305045335,1.3338,405.0386879469468,"Previous completed block GMI/WBNB reserve ratio multiplied by the BNB/USD oracle answer at that block. Marginal token mark, not cash received or an executable bulk-sale value. State block 23333337. Oracle observation age 78 seconds. Pool reserve update age 75 seconds.","Token transfer event; category based on all successful receipt events. LP receipts and redemptions are not sale proceeds. GMI dollar value is a marginal market mark, not cash received or an executable liquidation quote.",2022-11-24 00:00:00,23333338,0xb735822a5692dbbc3b9384993ba43cecd70ccc0e41b4755115ab12cfd0c35c61,0x36048413c4edf0cf3e633aab317fcd9824dfb4d4,0x58d4b61983ca0afe6e352e90719f403e24e016f4,4205270.855252686397793452,https://bscscan.com/tx/0xb735822a5692dbbc3b9384993ba43cecd70ccc0e41b4755115ab12cfd0c35c61,Available
T162,Private sale proceeds BUSD,2022-11-24 13:37:22,BUSD,290.4633754809665,1.0001992,290.52123578536225,1.3338,387.4972242905162,Chainlink USD answer available at the immediately preceding completed block; oracle age is recorded. State block 23333337. Oracle observation age 615 seconds.,Token transfer event; category based on all successful receipt events. LP receipts and redemptions are not sale proceeds.,2022-11-24 00:00:00,23333338,0xb735822a5692dbbc3b9384993ba43cecd70ccc0e41b4755115ab12cfd0c35c61,0x58f876857a02d6762e0101bb5c46a8c1ed44dc16,0x36048413c4edf0cf3e633aab317fcd9824dfb4d4,290.463375480966450319,https://bscscan.com/tx/0xb735822a5692dbbc3b9384993ba43cecd70ccc0e41b4755115ab12cfd0c35c61,Available
T163,Private BUSD forwarded to F4F,2022-11-24 13:38:28,BUSD,290.4633754809665,1.0001992,290.52123578536225,1.3338,387.4972242905162,Chainlink USD answer available at the immediately preceding completed block; oracle age is recorded. State block 23333359. Oracle observation age 681 seconds.,Token transfer event; category based on all successful receipt events. LP receipts and redemptions are not sale proceeds.,2022-11-24 00:00:00,23333360,0xc92cbef1aec7fd7153f85438f9f9b83b474b595abd51ab17a5bcef76aa2ee9ac,0x36048413c4edf0cf3e633aab317fcd9824dfb4d4,0xf4f86e37815217ed73ae817a4e5164d56315b1d7,290.463375480966450319,https://bscscan.com/tx/0xc92cbef1aec7fd7153f85438f9f9b83b474b595abd51ab17a5bcef76aa2ee9ac,Available
T164,Private onward transfers BNB,2022-11-24 13:40:16,BNB,10,298.03996351,2980.3996351,1.3338,3975.2570332963805,Chainlink USD answer available at the immediately preceding completed block; oracle age is recorded. State block 23333395. Oracle observation age 69 seconds.,Native value of successful outer transaction; excludes gas fees.,2022-11-24 00:00:00,23333396,0xe3760121eaf73afc1d7762708678d9c723c321c4619cb1ff9a234a592b34ae0e,0x36048413c4edf0cf3e633aab317fcd9824dfb4d4,0xf4f86e37815217ed73ae817a4e5164d56315b1d7,10,https://bscscan.com/tx/0xe3760121eaf73afc1d7762708678d9c723c321c4619cb1ff9a234a592b34ae0e,Available
T165,Private sale inputs,2022-11-24 23:07:41,GMI,3000000,8.534817511900931e-05,256.0445253570279,1.3338,341.51218792120386,"Previous completed block GMI/WBNB reserve ratio multiplied by the BNB/USD oracle answer at that block. Marginal token mark, not cash received or an executable bulk-sale value. State block 23344563. Oracle observation age 3 seconds. Pool reserve update age 24 seconds.","Token transfer event; category based on all successful receipt events. LP receipts and redemptions are not sale proceeds. GMI dollar value is a marginal market mark, not cash received or an executable liquidation quote.",2022-11-24 00:00:00,23344564,0x74c85c4ac133a120803d33610e6b74919252d5cbb5bd2d5e3ebdd80f68e85c6d,0x36048413c4edf0cf3e633aab317fcd9824dfb4d4,0x58d4b61983ca0afe6e352e90719f403e24e016f4,3000000,https://bscscan.com/tx/0x74c85c4ac133a120803d33610e6b74919252d5cbb5bd2d5e3ebdd80f68e85c6d,Available
T166,Private sale proceeds BUSD,2022-11-24 23:07:41,BUSD,247.65290291570415,1.00018933,247.69979103981316,1.3338,330.3819812889028,Chainlink USD answer available at the immediately preceding completed block; oracle age is recorded. State block 23344563. Oracle observation age 468 seconds.,Token transfer event; category based on all successful receipt events. LP receipts and redemptions are not sale proceeds.,2022-11-24 00:00:00,23344564,0x74c85c4ac133a120803d33610e6b74919252d5cbb5bd2d5e3ebdd80f68e85c6d,0x58f876857a02d6762e0101bb5c46a8c1ed44dc16,0x36048413c4edf0cf3e633aab317fcd9824dfb4d4,247.652902915704154859,https://bscscan.com/tx/0x74c85c4ac133a120803d33610e6b74919252d5cbb5bd2d5e3ebdd80f68e85c6d,Available
T167,Private sale inputs,2022-11-24 23:08:08,GMI,2403953.1414395147,8.029190935397224e-05,193.01798772365834,1.3338,257.44739202581553,"Previous completed block GMI/WBNB reserve ratio multiplied by the BNB/USD oracle answer at that block. Marginal token mark, not cash received or an executable bulk-sale value. State block 23344572. Oracle observation age 30 seconds. Pool reserve update age 27 seconds.","Token transfer event; category based on all successful receipt events. LP receipts and redemptions are not sale proceeds. GMI dollar value is a marginal market mark, not cash received or an executable liquidation quote.",2022-11-24 00:00:00,23344573,0x2e34e8eaeca76264c88b3b8308157dfb94fc502a9ad13e76f94056a1bb909464,0x36048413c4edf0cf3e633aab317fcd9824dfb4d4,0x58d4b61983ca0afe6e352e90719f403e24e016f4,2403953.141439514798345089,https://bscscan.com/tx/0x2e34e8eaeca76264c88b3b8308157dfb94fc502a9ad13e76f94056a1bb909464,Available
T168,Private sale proceeds BUSD,2022-11-24 23:08:08,BUSD,187.9498965698021,1.00018933,187.98548112371964,1.3338,250.73503472281726,Chainlink USD answer available at the immediately preceding completed block; oracle age is recorded. State block 23344572. Oracle observation age 495 seconds.,Token transfer event; category based on all successful receipt events. LP receipts and redemptions are not sale proceeds.,2022-11-24 00:00:00,23344573,0x2e34e8eaeca76264c88b3b8308157dfb94fc502a9ad13e76f94056a1bb909464,0x58f876857a02d6762e0101bb5c46a8c1ed44dc16,0x36048413c4edf0cf3e633aab317fcd9824dfb4d4,187.949896569802101382,https://bscscan.com/tx/0x2e34e8eaeca76264c88b3b8308157dfb94fc502a9ad13e76f94056a1bb909464,Available
T169,Private sale inputs,2022-12-01 07:39:37,GMI,1802964.8560796361,8.633286697832165e-05,155.65512508651207,1.3433,209.09152952871165,"Previous completed block GMI/WBNB reserve ratio multiplied by the BNB/USD oracle answer at that block. Marginal token mark, not cash received or an executable bulk-sale value. State block 23525301. Oracle observation age 69 seconds. Pool reserve update age 9241 seconds.","Token transfer event; category based on all successful receipt events. LP receipts and redemptions are not sale proceeds. GMI dollar value is a marginal market mark, not cash received or an executable liquidation quote.",2022-12-01 00:00:00,23525302,0xe25596e34da89e1849546c452b5cb0be0bb6311e70a0a3b1f4e88779bbba936d,0x36048413c4edf0cf3e633aab317fcd9824dfb4d4,0x58d4b61983ca0afe6e352e90719f403e24e016f4,1802964.856079636098758816,https://bscscan.com/tx/0xe25596e34da89e1849546c452b5cb0be0bb6311e70a0a3b1f4e88779bbba936d,Available
T170,Private sale proceeds BUSD,2022-12-01 07:39:37,BUSD,152.29139392379528,1.00032506,152.34089776430415,1.3433,204.63952796678976,Chainlink USD answer available at the immediately preceding completed block; oracle age is recorded. State block 23525301. Oracle observation age 297 seconds.,Token transfer event; category based on all successful receipt events. LP receipts and redemptions are not sale proceeds.,2022-12-01 00:00:00,23525302,0xe25596e34da89e1849546c452b5cb0be0bb6311e70a0a3b1f4e88779bbba936d,0x58f876857a02d6762e0101bb5c46a8c1ed44dc16,0x36048413c4edf0cf3e633aab317fcd9824dfb4d4,152.291393923795278613,https://bscscan.com/tx/0xe25596e34da89e1849546c452b5cb0be0bb6311e70a0a3b1f4e88779bbba936d,Available
T171,Private sale inputs,2022-12-01 07:40:16,GMI,2704447.284119454,8.319621808714537e-05,224.99978605479012,1.3433,302.24221260739955,"Previous completed block GMI/WBNB reserve ratio multiplied by the BNB/USD oracle answer at that block. Marginal token mark, not cash received or an executable bulk-sale value. State block 23525314. Oracle observation age 18 seconds. Pool reserve update age 39 seconds.","Token transfer event; category based on all successful receipt events. LP receipts and redemptions are not sale proceeds. GMI dollar value is a marginal market mark, not cash received or an executable liquidation quote.",2022-12-01 00:00:00,23525315,0x0a1ece8d035e4618ea259b496a47504479800c3a4d5de45b3104551d2fb03df2,0x36048413c4edf0cf3e633aab317fcd9824dfb4d4,0x58d4b61983ca0afe6e352e90719f403e24e016f4,2704447.284119454148138225,https://bscscan.com/tx/0x0a1ece8d035e4618ea259b496a47504479800c3a4d5de45b3104551d2fb03df2,Available
T172,Private sale proceeds BUSD,2022-12-01 07:40:16,BUSD,218.1808074489177,1.00032506,218.25172930218704,1.3433,293.17754797162786,Chainlink USD answer available at the immediately preceding completed block; oracle age is recorded. State block 23525314. Oracle observation age 336 seconds.,Token transfer event; category based on all successful receipt events. LP receipts and redemptions are not sale proceeds.,2022-12-01 00:00:00,23525315,0x0a1ece8d035e4618ea259b496a47504479800c3a4d5de45b3104551d2fb03df2,0x58f876857a02d6762e0101bb5c46a8c1ed44dc16,0x36048413c4edf0cf3e633aab317fcd9824dfb4d4,218.180807448917693151,https://bscscan.com/tx/0x0a1ece8d035e4618ea259b496a47504479800c3a4d5de45b3104551d2fb03df2,Available
T173,Private BUSD forwarded to F4F,2022-12-01 08:32:39,BUSD,806.0750008582193,1,806.0750008582193,1.3433,1082.800548652846,Chainlink USD answer available at the immediately preceding completed block; oracle age is recorded. State block 23526326. Oracle observation age 696 seconds.,Token transfer event; category based on all successful receipt events. LP receipts and redemptions are not sale proceeds.,2022-12-01 00:00:00,23526327,0x4ba5c45e430bd415b2ea6b65ea28dc49019ea17ebf730c01d5ae2a0e1f9960aa,0x36048413c4edf0cf3e633aab317fcd9824dfb4d4,0xf4f86e37815217ed73ae817a4e5164d56315b1d7,806.075000858219228005,https://bscscan.com/tx/0x4ba5c45e430bd415b2ea6b65ea28dc49019ea17ebf730c01d5ae2a0e1f9960aa,Available
T174,Private sale inputs,2022-12-06 10:10:03,GMI,2704447.284119454,7.739538672118613e-05,209.3117434214867,1.3649,285.6895985959872,"Previous completed block GMI/WBNB reserve ratio multiplied by the BNB/USD oracle answer at that block. Marginal token mark, not cash received or an executable bulk-sale value. State block 23669189. Oracle observation age 6 seconds. Pool reserve update age 17951 seconds.","Token transfer event; category based on all successful receipt events. LP receipts and redemptions are not sale proceeds. GMI dollar value is a marginal market mark, not cash received or an executable liquidation quote.",2022-12-06 00:00:00,23669190,0x6c9b3728929c1cf686050facd603529eb903aa7117ea2d263df1a50b0e9fe960,0x36048413c4edf0cf3e633aab317fcd9824dfb4d4,0x58d4b61983ca0afe6e352e90719f403e24e016f4,2704447.284119454148138226,https://bscscan.com/tx/0x6c9b3728929c1cf686050facd603529eb903aa7117ea2d263df1a50b0e9fe960,Available
T175,Private sale proceeds BUSD,2022-12-06 10:10:03,BUSD,194.26331405038374,0.99987571,194.23916906308042,1.3649,265.1170418541985,Chainlink USD answer available at the immediately preceding completed block; oracle age is recorded. State block 23669189. Oracle observation age 837 seconds.,Token transfer event; category based on all successful receipt events. LP receipts and redemptions are not sale proceeds.,2022-12-06 00:00:00,23669190,0x6c9b3728929c1cf686050facd603529eb903aa7117ea2d263df1a50b0e9fe960,0x58f876857a02d6762e0101bb5c46a8c1ed44dc16,0x36048413c4edf0cf3e633aab317fcd9824dfb4d4,194.26331405038374757,https://bscscan.com/tx/0x6c9b3728929c1cf686050facd603529eb903aa7117ea2d263df1a50b0e9fe960,Available
T176,Private BUSD forwarded to F4F,2022-12-06 10:12:33,BUSD,194.26331405038374,0.99987946,194.23989755050812,1.3649,265.1180361666885,Chainlink USD answer available at the immediately preceding completed block; oracle age is recorded. State block 23669239. Oracle observation age 54 seconds.,Token transfer event; category based on all successful receipt events. LP receipts and redemptions are not sale proceeds.,2022-12-06 00:00:00,23669240,0x3fc4164a2c9e64085fcd617ef88e3d1d53f0b0bde6ad643ee162ccddfe48724f,0x36048413c4edf0cf3e633aab317fcd9824dfb4d4,0xf4f86e37815217ed73ae817a4e5164d56315b1d7,194.26331405038374757,https://bscscan.com/tx/0x3fc4164a2c9e64085fcd617ef88e3d1d53f0b0bde6ad643ee162ccddfe48724f,Available
T177,Private onward transfers BNB,2022-12-06 10:13:03,BNB,0.5,288.36,144.18,1.3649,196.79128200000002,Chainlink USD answer available at the immediately preceding completed block; oracle age is recorded. State block 23669249. Oracle observation age 3 seconds.,Native value of successful outer transaction; excludes gas fees.,2022-12-06 00:00:00,23669250,0x8abf1eed9f657fc0dcffe1d0fad5f2ba8bd0dccbfcf669c85d9c5447e935271a,0x36048413c4edf0cf3e633aab317fcd9824dfb4d4,0xf4f86e37815217ed73ae817a4e5164d56315b1d7,0.5,https://bscscan.com/tx/0x8abf1eed9f657fc0dcffe1d0fad5f2ba8bd0dccbfcf669c85d9c5447e935271a,Available
T178,Private vesting claims,2022-12-06 10:46:01,GMI,10615821.75925926,7.122299056267902e-05,756.0905729748048,1.3649,1031.988023053311,"Previous completed block GMI/WBNB reserve ratio multiplied by the BNB/USD oracle answer at that block. Marginal token mark, not cash received or an executable bulk-sale value. State block 23669900. Oracle observation age 3 seconds. Pool reserve update age 2158 seconds.","Token transfer event; category based on all successful receipt events. LP receipts and redemptions are not sale proceeds. GMI dollar value is a marginal market mark, not cash received or an executable liquidation quote.",2022-12-06 00:00:00,23669901,0xf692b324a95a159bd4c5142cd7eed711211ac0b4e85912fa336cfde0ca961453,0x74e0ddf89807107378beb02e6bc504243e0cdf6c,0x36048413c4edf0cf3e633aab317fcd9824dfb4d4,10615821.759259259259259259,https://bscscan.com/tx/0xf692b324a95a159bd4c5142cd7eed711211ac0b4e85912fa336cfde0ca961453,Available
T179,Private other incoming GMI,2022-12-06 11:32:09,GMI,9900,7.328461663466192e-05,0.725517704683153,1.3649,0.9902591151220356,"Previous completed block GMI/WBNB reserve ratio multiplied by the BNB/USD oracle answer at that block. Marginal token mark, not cash received or an executable bulk-sale value. State block 23670819. Oracle observation age 3 seconds. Pool reserve update age 385 seconds.","Token transfer event; category based on all successful receipt events. LP receipts and redemptions are not sale proceeds. GMI dollar value is a marginal market mark, not cash received or an executable liquidation quote.",2022-12-06 00:00:00,23670820,0x782a3cb1e15038899222d883a233bcf031c20236ba0b8a3f8584052d799de7ae,0x391a51d884b240908a88e1e757ec42189d294423,0x36048413c4edf0cf3e633aab317fcd9824dfb4d4,9900,https://bscscan.com/tx/0x782a3cb1e15038899222d883a233bcf031c20236ba0b8a3f8584052d799de7ae,Available
T180,Private sale inputs,2022-12-07 01:07:54,GMI,4000000,6.64382637564573e-05,265.7530550258292,1.364,362.48716705523105,"Previous completed block GMI/WBNB reserve ratio multiplied by the BNB/USD oracle answer at that block. Marginal token mark, not cash received or an executable bulk-sale value. State block 23686748. Oracle observation age 6 seconds. Pool reserve update age 1013 seconds.","Token transfer event; category based on all successful receipt events. LP receipts and redemptions are not sale proceeds. GMI dollar value is a marginal market mark, not cash received or an executable liquidation quote.",2022-12-07 00:00:00,23686749,0x3d8cf351398adcaf852da8181972129eae09e720015748b5a77ed011d2481035,0x36048413c4edf0cf3e633aab317fcd9824dfb4d4,0x58d4b61983ca0afe6e352e90719f403e24e016f4,4000000,https://bscscan.com/tx/0x3d8cf351398adcaf852da8181972129eae09e720015748b5a77ed011d2481035,Available
T181,Private sale proceeds BUSD,2022-12-07 01:07:54,BUSD,240.72253932397717,1,240.72253932397717,1.364,328.3455436379049,Chainlink USD answer available at the immediately preceding completed block; oracle age is recorded. State block 23686748. Oracle observation age 839 seconds.,Token transfer event; category based on all successful receipt events. LP receipts and redemptions are not sale proceeds.,2022-12-07 00:00:00,23686749,0x3d8cf351398adcaf852da8181972129eae09e720015748b5a77ed011d2481035,0x58f876857a02d6762e0101bb5c46a8c1ed44dc16,0x36048413c4edf0cf3e633aab317fcd9824dfb4d4,240.722539323977159667,https://bscscan.com/tx/0x3d8cf351398adcaf852da8181972129eae09e720015748b5a77ed011d2481035,Available
T182,Private BUSD forwarded to F4F,2022-12-07 01:08:30,BUSD,240.72253932397717,1,240.72253932397717,1.364,328.3455436379049,Chainlink USD answer available at the immediately preceding completed block; oracle age is recorded. State block 23686760. Oracle observation age 875 seconds.,Token transfer event; category based on all successful receipt events. LP receipts and redemptions are not sale proceeds.,2022-12-07 00:00:00,23686761,0xd46a5bc6611b3a72085c6f73a02eb33f23080c99b973633d84e1d16baf8ad2bd,0x36048413c4edf0cf3e633aab317fcd9824dfb4d4,0xf4f86e37815217ed73ae817a4e5164d56315b1d7,240.722539323977159667,https://bscscan.com/tx/0xd46a5bc6611b3a72085c6f73a02eb33f23080c99b973633d84e1d16baf8ad2bd,Available
T183,Private exchange intermediary,2022-12-08 02:24:42,GMI,5000000,9.347767960700773e-05,467.3883980350386,1.3582,634.8069222111895,"Previous completed block GMI/WBNB reserve ratio multiplied by the BNB/USD oracle answer at that block. Marginal token mark, not cash received or an executable bulk-sale value. State block 23716176. Oracle observation age 3 seconds. Pool reserve update age 594 seconds.","Token transfer event; category based on all successful receipt events. LP receipts and redemptions are not sale proceeds. GMI dollar value is a marginal market mark, not cash received or an executable liquidation quote.",2022-12-08 00:00:00,23716177,0xbf14d9959df516b8d028ac4e89084ce160b47375f52dc92ad1a4b6a232fdb0e5,0x36048413c4edf0cf3e633aab317fcd9824dfb4d4,0x9564f530d9f270a48c510a92c97b59248cefd464,5000000,https://bscscan.com/tx/0xbf14d9959df516b8d028ac4e89084ce160b47375f52dc92ad1a4b6a232fdb0e5,Available
T184,Private MEXC 2e8 receipt,2022-12-08 02:27:14,GMI,5000000,9.357359888760102e-05,467.8679944380051,1.3582,635.4583100456986,"Previous completed block GMI/WBNB reserve ratio multiplied by the BNB/USD oracle answer at that block. Marginal token mark, not cash received or an executable bulk-sale value. State block 23716225. Oracle observation age 6 seconds. Pool reserve update age 746 seconds.","Actual onward token transfer; final customer account and disposition require service records. GMI dollar value is a marginal market mark, not cash received or an executable liquidation quote. Destination has current MEXC disclosure/labels; historical customer credit and sale require provider records.",2022-12-08 00:00:00,23716226,0xff3ac1adab98247b4a1c468612618e00f322c6a7ab66b3b9825150a7f7aa4d8f,0x9564f530d9f270a48c510a92c97b59248cefd464,0x2e8f79ad740de90dc5f5a9f0d8d9661a60725e64,5000000,https://bscscan.com/tx/0xff3ac1adab98247b4a1c468612618e00f322c6a7ab66b3b9825150a7f7aa4d8f,Available
T185,Private sale inputs,2022-12-08 06:27:46,GMI,1625721.7592592593,0.00010539263600304867,171.33910161584703,1.3582,232.71276781464346,"Previous completed block GMI/WBNB reserve ratio multiplied by the BNB/USD oracle answer at that block. Marginal token mark, not cash received or an executable bulk-sale value. State block 23720934. Oracle observation age 9 seconds. Pool reserve update age 1840 seconds.","Token transfer event; category based on all successful receipt events. LP receipts and redemptions are not sale proceeds. GMI dollar value is a marginal market mark, not cash received or an executable liquidation quote.",2022-12-08 00:00:00,23720935,0x61380c2e3f616522cc8e9dbd0ace06a26738d159f74593153dab4eb810d9e7bb,0x36048413c4edf0cf3e633aab317fcd9824dfb4d4,0x58d4b61983ca0afe6e352e90719f403e24e016f4,1625721.759259259259259259,https://bscscan.com/tx/0x61380c2e3f616522cc8e9dbd0ace06a26738d159f74593153dab4eb810d9e7bb,Available
T186,Private sale proceeds BUSD,2022-12-08 06:27:46,BUSD,161.9123730556347,1,161.9123730556347,1.3582,219.90938508416306,Chainlink USD answer available at the immediately preceding completed block; oracle age is recorded. State block 23720934. Oracle observation age 711 seconds.,Token transfer event; category based on all successful receipt events. LP receipts and redemptions are not sale proceeds.,2022-12-08 00:00:00,23720935,0x61380c2e3f616522cc8e9dbd0ace06a26738d159f74593153dab4eb810d9e7bb,0x58f876857a02d6762e0101bb5c46a8c1ed44dc16,0x36048413c4edf0cf3e633aab317fcd9824dfb4d4,161.912373055634703665,https://bscscan.com/tx/0x61380c2e3f616522cc8e9dbd0ace06a26738d159f74593153dab4eb810d9e7bb,Available
T187,Private vesting claims,2022-12-08 06:32:39,GMI,608016.975308642,9.811990624323364e-05,59.65856861157846,1.3582,81.02826788824586,"Previous completed block GMI/WBNB reserve ratio multiplied by the BNB/USD oracle answer at that block. Marginal token mark, not cash received or an executable bulk-sale value. State block 23721031. Oracle observation age 3 seconds. Pool reserve update age 293 seconds.","Token transfer event; category based on all successful receipt events. LP receipts and redemptions are not sale proceeds. GMI dollar value is a marginal market mark, not cash received or an executable liquidation quote.",2022-12-08 00:00:00,23721032,0x325e3df49c8f81d74d5343bff786dd8d08f4996d798cefff4a31dcbf8e4b1078,0x74e0ddf89807107378beb02e6bc504243e0cdf6c,0x36048413c4edf0cf3e633aab317fcd9824dfb4d4,608016.975308641975308642,https://bscscan.com/tx/0x325e3df49c8f81d74d5343bff786dd8d08f4996d798cefff4a31dcbf8e4b1078,Available
T188,Private sale inputs,2022-12-14 16:00:38,GMI,608016.975308642,8.306636949172782e-05,50.50576272823041,1.3561,68.49086483575326,"Previous completed block GMI/WBNB reserve ratio multiplied by the BNB/USD oracle answer at that block. Marginal token mark, not cash received or an executable bulk-sale value. State block 23901230. Oracle observation age 9 seconds. Pool reserve update age 1189 seconds.","Token transfer event; category based on all successful receipt events. LP receipts and redemptions are not sale proceeds. GMI dollar value is a marginal market mark, not cash received or an executable liquidation quote.",2022-12-14 00:00:00,23901231,0x227aa6faa58237f47a7dc3ccf0e6c0265d1cb8245acc35aacfdccbee6f3d95c8,0x36048413c4edf0cf3e633aab317fcd9824dfb4d4,0x58d4b61983ca0afe6e352e90719f403e24e016f4,608016.975308641975308642,https://bscscan.com/tx/0x227aa6faa58237f47a7dc3ccf0e6c0265d1cb8245acc35aacfdccbee6f3d95c8,Available
T189,Private sale proceeds CAKE,2022-12-14 16:00:38,CAKE,13.065639141470577,3.7886211,49.50075613636131,1.3561,67.12797539651957,Chainlink USD answer available at the immediately preceding completed block; oracle age is recorded. State block 23901230. Oracle observation age 91 seconds.,Token transfer event; category based on all successful receipt events. LP receipts and redemptions are not sale proceeds.,2022-12-14 00:00:00,23901231,0x227aa6faa58237f47a7dc3ccf0e6c0265d1cb8245acc35aacfdccbee6f3d95c8,0x0ed7e52944161450477ee417de9cd3a859b14fd0,0x36048413c4edf0cf3e633aab317fcd9824dfb4d4,13.065639141470576526,https://bscscan.com/tx/0x227aa6faa58237f47a7dc3ccf0e6c0265d1cb8245acc35aacfdccbee6f3d95c8,Available
T190,Private vesting claims,2022-12-14 16:01:19,GMI,2131635.8024691357,8.031480999149363e-05,171.20192444637368,1.3561,232.16692974172736,"Previous completed block pool reserve ratio multiplied by Chainlink BNB/USD answer available at same block. Marginal mark, not cash received or executable liquidation value. State block 23901240. Oracle observation age 3 seconds. Pool reserve update age 41 seconds.","Token transfer event; category based on all successful receipt events. LP receipts and redemptions are not sale proceeds. GMI dollar value is a marginal market mark, not cash received or an executable liquidation quote.",2022-12-14 00:00:00,23901241,0x03aa7debf2d0fe654828d9b560902166f050f499d1be2cd20dadcf69c22e8639,0x74e0ddf89807107378beb02e6bc504243e0cdf6c,0x36048413c4edf0cf3e633aab317fcd9824dfb4d4,2131635.802469135802469136,https://bscscan.com/tx/0x03aa7debf2d0fe654828d9b560902166f050f499d1be2cd20dadcf69c22e8639,Available
T191,Private asset conversion input CAKE,2022-12-14 16:02:19,CAKE,13.065639141470577,3.79341208,49.56335335217531,1.3561,67.21286348088495,Chainlink USD answer available at the immediately preceding completed block; oracle age is recorded. State block 23901258. Oracle observation age 10 seconds.,Token transfer event; category based on all successful receipt events. LP receipts and redemptions are not sale proceeds.,2022-12-14 00:00:00,23901259,0x30c5e3af5fa69cf54e59ec46a3cf3c74ffea59cd3e795cf6aa8923b6482aca71,0x36048413c4edf0cf3e633aab317fcd9824dfb4d4,0x804678fa97d91b974ec2af3c843270886528a9e6,13.065639141470576526,https://bscscan.com/tx/0x30c5e3af5fa69cf54e59ec46a3cf3c74ffea59cd3e795cf6aa8923b6482aca71,Available
T192,Private asset conversion output BUSD,2022-12-14 16:02:19,BUSD,49.354088681602484,0.99989396,49.34885517403868,1.3561,66.92198250151387,Chainlink USD answer available at the immediately preceding completed block; oracle age is recorded. State block 23901258. Oracle observation age 89 seconds.,Token transfer event; category based on all successful receipt events. LP receipts and redemptions are not sale proceeds.,2022-12-14 00:00:00,23901259,0x30c5e3af5fa69cf54e59ec46a3cf3c74ffea59cd3e795cf6aa8923b6482aca71,0x804678fa97d91b974ec2af3c843270886528a9e6,0x36048413c4edf0cf3e633aab317fcd9824dfb4d4,49.354088681602483584,https://bscscan.com/tx/0x30c5e3af5fa69cf54e59ec46a3cf3c74ffea59cd3e795cf6aa8923b6482aca71,Available
T193,Private vesting claims,2023-01-20 05:38:45,GMI,9998962.191358024,8.117290938678303e-05,811.6448519209744,1.3421,1089.3085557631398,"Previous completed block pool reserve ratio multiplied by Chainlink BNB/USD answer available at same block. Marginal mark, not cash received or executable liquidation value. State block 24941843. Oracle observation age 6 seconds. Pool reserve update age 17222 seconds.","Token transfer event; category based on all successful receipt events. LP receipts and redemptions are not sale proceeds. GMI dollar value is a marginal market mark, not cash received or an executable liquidation quote.",2023-01-20 00:00:00,24941844,0x8657b3b3182771a12734fa434536f6f2a667246a2f94998546da301f7e464f3d,0x74e0ddf89807107378beb02e6bc504243e0cdf6c,0x36048413c4edf0cf3e633aab317fcd9824dfb4d4,9998962.191358024691358025,https://bscscan.com/tx/0x8657b3b3182771a12734fa434536f6f2a667246a2f94998546da301f7e464f3d,Available
T194,Private sale inputs,2023-01-20 05:40:30,GMI,3032649.49845679,8.105530377310619e-05,245.81232633477325,1.3421,329.9047231738992,"Previous completed block pool reserve ratio multiplied by Chainlink BNB/USD answer available at same block. Marginal mark, not cash received or executable liquidation value. State block 24941878. Oracle observation age 12 seconds. Pool reserve update age 17327 seconds.","Token transfer event; category based on all successful receipt events. LP receipts and redemptions are not sale proceeds. GMI dollar value is a marginal market mark, not cash received or an executable liquidation quote.",2023-01-20 00:00:00,24941879,0x411c9e992b80d6bb8a0f88127c51f9428c5f78950f5eb527ca99e2521e618dd8,0x36048413c4edf0cf3e633aab317fcd9824dfb4d4,0x58d4b61983ca0afe6e352e90719f403e24e016f4,3032649.49845679012345679,https://bscscan.com/tx/0x411c9e992b80d6bb8a0f88127c51f9428c5f78950f5eb527ca99e2521e618dd8,Available
T195,Private sale proceeds BUSD,2023-01-20 05:40:30,BUSD,225.41016957975282,0.99999999,225.41016732565112,1.3421,302.5229855677564,Historical USD oracle answer available at the previous completed block. State block 24941878. Oracle observation age 144 seconds.,Token transfer event; category based on all successful receipt events. LP receipts and redemptions are not sale proceeds.,2023-01-20 00:00:00,24941879,0x411c9e992b80d6bb8a0f88127c51f9428c5f78950f5eb527ca99e2521e618dd8,0x58f876857a02d6762e0101bb5c46a8c1ed44dc16,0x36048413c4edf0cf3e633aab317fcd9824dfb4d4,225.410169579752827331,https://bscscan.com/tx/0x411c9e992b80d6bb8a0f88127c51f9428c5f78950f5eb527ca99e2521e618dd8,Available
T196,Private sale proceeds BNB,2023-01-21 02:29:17,BNB,0.5822351063298897,305.02342,177.5953433768066,1.3421,238.35071034601214,Historical USD oracle answer available at the previous completed block. State block 24966611. Oracle observation age 10 seconds.,Successful native payment to beneficiary in call trace.,2023-01-20 00:00:00,24966612,0xa599f04b0cc1343b3c1048b5d4275ba1bdd587a960f37b95368bc8b04463b095,0x10ed43c718714eb63d5aa57b78b54704e256024e,0x36048413c4edf0cf3e633aab317fcd9824dfb4d4,0.582235106329889742,https://bscscan.com/tx/0xa599f04b0cc1343b3c1048b5d4275ba1bdd587a960f37b95368bc8b04463b095,Available
T197,Private sale inputs,2023-01-21 02:29:17,GMI,2274487.123842593,8.337611452897911e-05,189.6378989321883,1.3421,254.51302415688994,"Previous completed block pool reserve ratio multiplied by Chainlink BNB/USD answer available at same block. Marginal mark, not cash received or executable liquidation value. State block 24966611. Oracle observation age 10 seconds. Pool reserve update age 28 seconds.","Token transfer event; category based on all successful receipt events. LP receipts and redemptions are not sale proceeds. GMI dollar value is a marginal market mark, not cash received or an executable liquidation quote.",2023-01-20 00:00:00,24966612,0xa599f04b0cc1343b3c1048b5d4275ba1bdd587a960f37b95368bc8b04463b095,0x36048413c4edf0cf3e633aab317fcd9824dfb4d4,0x58d4b61983ca0afe6e352e90719f403e24e016f4,2274487.123842592592592592,https://bscscan.com/tx/0xa599f04b0cc1343b3c1048b5d4275ba1bdd587a960f37b95368bc8b04463b095,Available
T198,Private exchange intermediary,2023-01-21 02:31:35,GMI,3000000,7.734944024683135e-05,232.04832074049403,1.3421,311.43205126581705,"Previous completed block pool reserve ratio multiplied by Chainlink BNB/USD answer available at same block. Marginal mark, not cash received or executable liquidation value. State block 24966657. Oracle observation age 9 seconds. Pool reserve update age 135 seconds.","Token transfer event; category based on all successful receipt events. LP receipts and redemptions are not sale proceeds. GMI dollar value is a marginal market mark, not cash received or an executable liquidation quote.",2023-01-20 00:00:00,24966658,0x331197c814cfecdbb91b25a81097b2b1280e65842abeffaa997c2f34bee5b77a,0x36048413c4edf0cf3e633aab317fcd9824dfb4d4,0x9564f530d9f270a48c510a92c97b59248cefd464,3000000,https://bscscan.com/tx/0x331197c814cfecdbb91b25a81097b2b1280e65842abeffaa997c2f34bee5b77a,Available
T199,Private MEXC 4982 receipt,2023-01-21 02:34:05,GMI,3000000,7.732530893327673e-05,231.97592679983018,1.3421,311.3348913580521,"Previous completed block pool reserve ratio multiplied by Chainlink BNB/USD answer available at same block. Marginal mark, not cash received or executable liquidation value. State block 24966707. Oracle observation age 6 seconds. Pool reserve update age 285 seconds.","Actual onward token transfer; final customer account and disposition require service records. GMI dollar value is a marginal market mark, not cash received or an executable liquidation quote. Destination was publicly disclosed by MEXC. No customer identity or off-chain sale established.",2023-01-20 00:00:00,24966708,0x2e371d5d37cc3deaef36f8c4798f0a18256257304d8eb4db697e6b4414cec02e,0x9564f530d9f270a48c510a92c97b59248cefd464,0x4982085c9e2f89f2ecb8131eca71afad896e89cb,3000000,https://bscscan.com/tx/0x2e371d5d37cc3deaef36f8c4798f0a18256257304d8eb4db697e6b4414cec02e,Available
T200,Launchpool January coverage crossing,2023-01-24 15:45:16,GMI,8309.56763892731,8.984867823002008e-05,0.7466036690205675,1.337,0.9982091054804988,"Previous completed block GMI/WBNB reserve ratio multiplied by the BNB/USD oracle answer at that block. Marginal token mark, not cash received or an executable bulk-sale value. State block 25067646. Oracle observation age 6 seconds. Pool reserve update age 13519 seconds.","Ordinary claim causing a documented Jan24 2023 transition below the selected 587755.519557566 GMI unpaid allocation. Not claimed to be the first-ever crossing. GMI dollar value is a marginal market mark, not cash received or an executable liquidation quote.",2023-01-24 00:00:00,25067647,0x7f556eb1d5da208355961506485c529d11ee850d5ebf136188a9a5e20dc202e5,0xf50488dc8339fb7d1d5a8e8b401c4a5d71a090bb,0xae1ff4f54d1c97f432ce20c87a1d5d7ede320c9b,8309.56763892731,https://bscscan.com/tx/0x7f556eb1d5da208355961506485c529d11ee850d5ebf136188a9a5e20dc202e5,Available
T201,Private sale inputs,2023-02-25 12:49:01,GMI,955865.3428819445,9.659828421109362e-05,92.33495205924453,1.3622,125.7786716951029,"Previous completed block pool reserve ratio multiplied by Chainlink BNB/USD answer available at same block. Marginal mark, not cash received or executable liquidation value. State block 25973535. Oracle observation age 6 seconds. Pool reserve update age 864 seconds.","Token transfer event; category based on all successful receipt events. LP receipts and redemptions are not sale proceeds. GMI dollar value is a marginal market mark, not cash received or an executable liquidation quote.",2023-02-24 00:00:00,25973536,0x56da94a4b0cf7b380063929853763a2fa81aaf548b9e9a2e3f4d477688a7e0a5,0x36048413c4edf0cf3e633aab317fcd9824dfb4d4,0x58d4b61983ca0afe6e352e90719f403e24e016f4,955865.342881944444444444,https://bscscan.com/tx/0x56da94a4b0cf7b380063929853763a2fa81aaf548b9e9a2e3f4d477688a7e0a5,Available
T202,Private sale proceeds BUSD,2023-02-25 12:49:01,BUSD,89.30101191732406,0.99999868,89.30089403998834,1.3622,121.64567786127212,Historical USD oracle answer available at the previous completed block. State block 25973535. Oracle observation age 36 seconds.,Token transfer event; category based on all successful receipt events. LP receipts and redemptions are not sale proceeds.,2023-02-24 00:00:00,25973536,0x56da94a4b0cf7b380063929853763a2fa81aaf548b9e9a2e3f4d477688a7e0a5,0x58f876857a02d6762e0101bb5c46a8c1ed44dc16,0x36048413c4edf0cf3e633aab317fcd9824dfb4d4,89.301011917324055514,https://bscscan.com/tx/0x56da94a4b0cf7b380063929853763a2fa81aaf548b9e9a2e3f4d477688a7e0a5,Available
T203,Private sale inputs,2023-02-25 12:49:28,GMI,1433798.0143229167,9.104083097528294e-05,130.53416267466898,1.3622,177.8136363954341,"Previous completed block pool reserve ratio multiplied by Chainlink BNB/USD answer available at same block. Marginal mark, not cash received or executable liquidation value. State block 25973544. Oracle observation age 3 seconds. Pool reserve update age 27 seconds.","Token transfer event; category based on all successful receipt events. LP receipts and redemptions are not sale proceeds. GMI dollar value is a marginal market mark, not cash received or an executable liquidation quote.",2023-02-24 00:00:00,25973545,0x776d2561d6329ba685647cc04cc2b4d42465c597be0cd1ae3a196c4df2d13d96,0x36048413c4edf0cf3e633aab317fcd9824dfb4d4,0x58d4b61983ca0afe6e352e90719f403e24e016f4,1433798.014322916666666667,https://bscscan.com/tx/0x776d2561d6329ba685647cc04cc2b4d42465c597be0cd1ae3a196c4df2d13d96,Available
T204,Private sale proceeds BUSD,2023-02-25 12:49:28,BUSD,124.56468208287374,0.99999868,124.5645176574934,1.3622,169.68178595303752,Historical USD oracle answer available at the previous completed block. State block 25973544. Oracle observation age 63 seconds.,Token transfer event; category based on all successful receipt events. LP receipts and redemptions are not sale proceeds.,2023-02-24 00:00:00,25973545,0x776d2561d6329ba685647cc04cc2b4d42465c597be0cd1ae3a196c4df2d13d96,0x58f876857a02d6762e0101bb5c46a8c1ed44dc16,0x36048413c4edf0cf3e633aab317fcd9824dfb4d4,124.564682082873742182,https://bscscan.com/tx/0x776d2561d6329ba685647cc04cc2b4d42465c597be0cd1ae3a196c4df2d13d96,Available
T205,Private sale inputs,2023-02-26 06:07:24,GMI,1433798.0143229167,0.00010205484604468179,146.32603561089573,1.3622,199.32532570916217,"Previous completed block pool reserve ratio multiplied by Chainlink BNB/USD answer available at same block. Marginal mark, not cash received or executable liquidation value. State block 25994158. Oracle observation age 3 seconds. Pool reserve update age 1020 seconds.","Token transfer event; category based on all successful receipt events. LP receipts and redemptions are not sale proceeds. GMI dollar value is a marginal market mark, not cash received or an executable liquidation quote.",2023-02-24 00:00:00,25994159,0xd505ac7b81c6f1f2724eed8faafee4650ab6e70168f6d5ad2225e982dce560ff,0x36048413c4edf0cf3e633aab317fcd9824dfb4d4,0x58d4b61983ca0afe6e352e90719f403e24e016f4,1433798.014322916666666668,https://bscscan.com/tx/0xd505ac7b81c6f1f2724eed8faafee4650ab6e70168f6d5ad2225e982dce560ff,Available
T206,Private sale proceeds BUSD,2023-02-26 06:07:24,BUSD,139.27947464185783,0.99993301,139.2701443098516,1.3622,189.71379057887984,Historical USD oracle answer available at the previous completed block. State block 25994158. Oracle observation age 39 seconds.,Token transfer event; category based on all successful receipt events. LP receipts and redemptions are not sale proceeds.,2023-02-24 00:00:00,25994159,0xd505ac7b81c6f1f2724eed8faafee4650ab6e70168f6d5ad2225e982dce560ff,0x58f876857a02d6762e0101bb5c46a8c1ed44dc16,0x36048413c4edf0cf3e633aab317fcd9824dfb4d4,139.279474641857817825,https://bscscan.com/tx/0xd505ac7b81c6f1f2724eed8faafee4650ab6e70168f6d5ad2225e982dce560ff,Available
T207,Private BUSD forwarded to F4F,2023-04-04 10:56:48,BUSD,789.8217999590456,0.99980468,789.6675319650776,1.3447,1061.86593023344,Historical USD oracle answer available at the previous completed block. State block 27053870. Oracle observation age 801 seconds.,Token transfer event; category based on all successful receipt events. LP receipts and redemptions are not sale proceeds.,2023-04-04 00:00:00,27053871,0xab1707a54f5d665be52be7c7f6e1a40f85575e835c884c92a69381dc6f730334,0x36048413c4edf0cf3e633aab317fcd9824dfb4d4,0xf4f86e37815217ed73ae817a4e5164d56315b1d7,789.821799959045630101,https://bscscan.com/tx/0xab1707a54f5d665be52be7c7f6e1a40f85575e835c884c92a69381dc6f730334,Available
T208,Private onward transfers BNB,2023-04-04 10:57:48,BNB,0.8402309602916035,310.010068,260.4800571357053,1.3447,350.2675328303829,Historical USD oracle answer available at the previous completed block. State block 27053890. Oracle observation age 9 seconds.,Native value of successful outer transaction; excludes gas fees.,2023-04-04 00:00:00,27053891,0xd9e76558654e142eb8355e18842c16e4985a0be2f03dd0e4b4e596bf713e9d58,0x36048413c4edf0cf3e633aab317fcd9824dfb4d4,0xf4f86e37815217ed73ae817a4e5164d56315b1d7,0.840230960291603498,https://bscscan.com/tx/0xd9e76558654e142eb8355e18842c16e4985a0be2f03dd0e4b4e596bf713e9d58,Available
T209,Onward swap inputs GMI,2022-10-07 16:24:19,GMI,161278.1045,0.00031780959908034697,51.2557297315833,1.3712,70.28185660794702,"Previous completed block GMI/WBNB reserve ratio multiplied by the BNB/USD oracle answer at that block. Marginal token mark, not cash received or an executable bulk-sale value. State block 21974257. Oracle observation age 6 seconds.","Actual receipt transfer event. The recipient wallet has commingled activity; this leg is not assigned exclusively to GMI proceeds. Further activity of the unidentified, commingled onward wallet 0xf4f86e...15b1d7. The amount is not assigned wholly to earlier GMI-derived receipts. Recipient control, exchange customer credit and bank receipt are not established.",2022-10-07 00:00:00,21974258,0xc48640d0a9169672220d5ead2b7bd1f8e538b0f079e55720fb55424790572bce,0xf4f86e37815217ed73ae817a4e5164d56315b1d7,0x58d4b61983ca0afe6e352e90719f403e24e016f4,161278.104499999999787008,https://bscscan.com/tx/0xc48640d0a9169672220d5ead2b7bd1f8e538b0f079e55720fb55424790572bce,Available
T210,Onward swap outputs BNB,2022-10-07 16:24:19,BNB,0.18052079921043135,282.30784578,50.962437943580795,1.3712,69.87969490823798,Chainlink USD answer available at the immediately preceding completed block; oracle age is recorded. State block 21974257. Oracle observation age 6 seconds.,"Successful native call value from debug_traceTransaction callTracer. Excludes reverted calls and does not assign commingled proceeds. Further activity of the unidentified, commingled onward wallet 0xf4f86e...15b1d7. The amount is not assigned wholly to earlier GMI-derived receipts. Recipient control, exchange customer credit and bank receipt are not established.",2022-10-07 00:00:00,21974258,0xc48640d0a9169672220d5ead2b7bd1f8e538b0f079e55720fb55424790572bce,0x10ed43c718714eb63d5aa57b78b54704e256024e,0xf4f86e37815217ed73ae817a4e5164d56315b1d7,0.180520799210431341,https://bscscan.com/tx/0xc48640d0a9169672220d5ead2b7bd1f8e538b0f079e55720fb55424790572bce,Available
T211,Onward network fees BNB,2022-10-07 16:24:19,BNB,0.000779105,282.30784578,0.2199474541864269,1.3712,0.30159194918042853,Chainlink USD answer available at the immediately preceding completed block; oracle age is recorded. State block 21974257. Oracle observation age 6 seconds.,"Receipt gasUsed × effectiveGasPrice (or transaction gasPrice). Network charge, not a payment to an identified service customer. Further activity of the unidentified, commingled onward wallet 0xf4f86e...15b1d7. The amount is not assigned wholly to earlier GMI-derived receipts. Recipient control, exchange customer credit and bank receipt are not established.",2022-10-07 00:00:00,21974258,0xc48640d0a9169672220d5ead2b7bd1f8e538b0f079e55720fb55424790572bce,0xf4f86e37815217ed73ae817a4e5164d56315b1d7,network transaction fee,0.000779105,https://bscscan.com/tx/0xc48640d0a9169672220d5ead2b7bd1f8e538b0f079e55720fb55424790572bce,Available
T212,Onward swap inputs GMI,2022-10-21 09:34:22,GMI,3749332.57,0.0001891509079395252,709.1896597827334,1.3713,972.5117804600624,"Previous completed block GMI/WBNB reserve ratio multiplied by the BNB/USD oracle answer at that block. Marginal token mark, not cash received or an executable bulk-sale value. State block 22364105. Oracle observation age 6 seconds.","Actual receipt transfer event. The recipient wallet has commingled activity; this leg is not assigned exclusively to GMI proceeds. Further activity of the unidentified, commingled onward wallet 0xf4f86e...15b1d7. The amount is not assigned wholly to earlier GMI-derived receipts. Recipient control, exchange customer credit and bank receipt are not established.",2022-10-21 00:00:00,22364106,0x75cce83e042249dafb69f42a7f4aeeea96ace1773c073e7b5ba31b268606f2ff,0xf4f86e37815217ed73ae817a4e5164d56315b1d7,0x58d4b61983ca0afe6e352e90719f403e24e016f4,3749332.57,https://bscscan.com/tx/0x75cce83e042249dafb69f42a7f4aeeea96ace1773c073e7b5ba31b268606f2ff,Available
T213,Onward swap outputs BNB,2022-10-21 09:34:22,BNB,2.49884041770721,267.01,667.2153799320022,1.3713,914.9524505007546,Chainlink USD answer available at the immediately preceding completed block; oracle age is recorded. State block 22364105. Oracle observation age 6 seconds.,"Successful native call value from debug_traceTransaction callTracer. Excludes reverted calls and does not assign commingled proceeds. Further activity of the unidentified, commingled onward wallet 0xf4f86e...15b1d7. The amount is not assigned wholly to earlier GMI-derived receipts. Recipient control, exchange customer credit and bank receipt are not established.",2022-10-21 00:00:00,22364106,0x75cce83e042249dafb69f42a7f4aeeea96ace1773c073e7b5ba31b268606f2ff,0x10ed43c718714eb63d5aa57b78b54704e256024e,0xf4f86e37815217ed73ae817a4e5164d56315b1d7,2.49884041770721016,https://bscscan.com/tx/0x75cce83e042249dafb69f42a7f4aeeea96ace1773c073e7b5ba31b268606f2ff,Available
T214,Onward network fees BNB,2022-10-21 09:34:22,BNB,0.000779165,267.01,0.20804484664999998,1.3713,0.285291898211145,Chainlink USD answer available at the immediately preceding completed block; oracle age is recorded. State block 22364105. Oracle observation age 6 seconds.,"Receipt gasUsed × effectiveGasPrice (or transaction gasPrice). Network charge, not a payment to an identified service customer. Further activity of the unidentified, commingled onward wallet 0xf4f86e...15b1d7. The amount is not assigned wholly to earlier GMI-derived receipts. Recipient control, exchange customer credit and bank receipt are not established.",2022-10-21 00:00:00,22364106,0x75cce83e042249dafb69f42a7f4aeeea96ace1773c073e7b5ba31b268606f2ff,0xf4f86e37815217ed73ae817a4e5164d56315b1d7,network transaction fee,0.000779165,https://bscscan.com/tx/0x75cce83e042249dafb69f42a7f4aeeea96ace1773c073e7b5ba31b268606f2ff,Available
T215,Onward network fees BNB,2022-10-21 10:45:19,BNB,0.00019509,266.70813156,0.052032089386040405,1.3713,0.0713516041750772,Chainlink USD answer available at the immediately preceding completed block; oracle age is recorded. State block 22365524. Oracle observation age 30 seconds.,"Receipt gasUsed × effectiveGasPrice (or transaction gasPrice). Network charge, not a payment to an identified service customer. Further activity of the unidentified, commingled onward wallet 0xf4f86e...15b1d7. The amount is not assigned wholly to earlier GMI-derived receipts. Recipient control, exchange customer credit and bank receipt are not established.",2022-10-21 00:00:00,22365525,0xc0ad1912342b01317d0a964a4abe670d5c371a160dc9d18d14d264de8d8bf51e,0xf4f86e37815217ed73ae817a4e5164d56315b1d7,network transaction fee,0.00019509,https://bscscan.com/tx/0xc0ad1912342b01317d0a964a4abe670d5c371a160dc9d18d14d264de8d8bf51e,Available
T216,Onward swap inputs GMI,2022-10-21 10:45:55,GMI,905913.02,0.00017110356081340974,155.0049435092297,1.3713,212.55827903420666,"Previous completed block GMI/WBNB reserve ratio multiplied by the BNB/USD oracle answer at that block. Marginal token mark, not cash received or an executable bulk-sale value. State block 22365536. Oracle observation age 66 seconds.","Actual receipt transfer event. The recipient wallet has commingled activity; this leg is not assigned exclusively to GMI proceeds. Further activity of the unidentified, commingled onward wallet 0xf4f86e...15b1d7. The amount is not assigned wholly to earlier GMI-derived receipts. Recipient control, exchange customer credit and bank receipt are not established.",2022-10-21 00:00:00,22365537,0xd87f246c4060bc8afa087f398774c9cefc8a0a8d74b8b9aa175b005fe3cad84e,0xf4f86e37815217ed73ae817a4e5164d56315b1d7,0x58d4b61983ca0afe6e352e90719f403e24e016f4,905913.02,https://bscscan.com/tx/0xd87f246c4060bc8afa087f398774c9cefc8a0a8d74b8b9aa175b005fe3cad84e,Available
T217,Onward swap outputs USDT,2022-10-21 10:45:55,USDT,152.2586654771047,1,152.2586654771047,1.3713,208.79230796875368,Chainlink USD answer available at the immediately preceding completed block; oracle age is recorded. State block 22365536. Oracle observation age 825 seconds.,"Actual receipt transfer event. The recipient wallet has commingled activity; this leg is not assigned exclusively to GMI proceeds. Further activity of the unidentified, commingled onward wallet 0xf4f86e...15b1d7. The amount is not assigned wholly to earlier GMI-derived receipts. Recipient control, exchange customer credit and bank receipt are not established.",2022-10-21 00:00:00,22365537,0xd87f246c4060bc8afa087f398774c9cefc8a0a8d74b8b9aa175b005fe3cad84e,0x16b9a82891338f9ba80e2d6970fdda79d1eb0dae,0xf4f86e37815217ed73ae817a4e5164d56315b1d7,152.258665477104699148,https://bscscan.com/tx/0xd87f246c4060bc8afa087f398774c9cefc8a0a8d74b8b9aa175b005fe3cad84e,Available
T218,Onward network fees BNB,2022-10-21 10:45:55,BNB,0.000986045,266.70813156,0.26298621958408025,1.3713,0.36063300291564926,Chainlink USD answer available at the immediately preceding completed block; oracle age is recorded. State block 22365536. Oracle observation age 66 seconds.,"Receipt gasUsed × effectiveGasPrice (or transaction gasPrice). Network charge, not a payment to an identified service customer. Further activity of the unidentified, commingled onward wallet 0xf4f86e...15b1d7. The amount is not assigned wholly to earlier GMI-derived receipts. Recipient control, exchange customer credit and bank receipt are not established.",2022-10-21 00:00:00,22365537,0xd87f246c4060bc8afa087f398774c9cefc8a0a8d74b8b9aa175b005fe3cad84e,0xf4f86e37815217ed73ae817a4e5164d56315b1d7,network transaction fee,0.000986045,https://bscscan.com/tx/0xd87f246c4060bc8afa087f398774c9cefc8a0a8d74b8b9aa175b005fe3cad84e,Available
T219,Onward wallet transfers USDT,2022-10-21 10:56:43,USDT,19436.285983337104,1,19436.285983337104,1.3713,26652.97896895017,Chainlink USD answer available at the immediately preceding completed block; oracle age is recorded. State block 22365752. Oracle observation age 543 seconds.,"Actual receipt transfer event. The recipient wallet has commingled activity; this leg is not assigned exclusively to GMI proceeds. Further activity of the unidentified, commingled onward wallet 0xf4f86e...15b1d7. The amount is not assigned wholly to earlier GMI-derived receipts. Recipient control, exchange customer credit and bank receipt are not established.",2022-10-21 00:00:00,22365753,0xc5a6fd46be61e3fb2805daf822ebd9fa8e3669517ec44f1f000beef817acf0cd,0xf4f86e37815217ed73ae817a4e5164d56315b1d7,0xba4d665059c97d6baa42e097707a504aecafbf53,19436.285983337104699148,https://bscscan.com/tx/0xc5a6fd46be61e3fb2805daf822ebd9fa8e3669517ec44f1f000beef817acf0cd,Available
T220,Onward network fees BNB,2022-10-21 10:56:43,BNB,0.000180755,267.00900157,0.04826321207878535,1.3713,0.06618334272363835,Chainlink USD answer available at the immediately preceding completed block; oracle age is recorded. State block 22365752. Oracle observation age 84 seconds.,"Receipt gasUsed × effectiveGasPrice (or transaction gasPrice). Network charge, not a payment to an identified service customer. Further activity of the unidentified, commingled onward wallet 0xf4f86e...15b1d7. The amount is not assigned wholly to earlier GMI-derived receipts. Recipient control, exchange customer credit and bank receipt are not established.",2022-10-21 00:00:00,22365753,0xc5a6fd46be61e3fb2805daf822ebd9fa8e3669517ec44f1f000beef817acf0cd,0xf4f86e37815217ed73ae817a4e5164d56315b1d7,network transaction fee,0.000180755,https://bscscan.com/tx/0xc5a6fd46be61e3fb2805daf822ebd9fa8e3669517ec44f1f000beef817acf0cd,Available
T221,Onward swap outputs USDT,2022-10-21 10:59:31,USDT,264.6190099022113,1,264.6190099022113,1.3713,362.87204827890235,Chainlink USD answer available at the immediately preceding completed block; oracle age is recorded. State block 22365808. Oracle observation age 711 seconds.,"Actual receipt transfer event. The recipient wallet has commingled activity; this leg is not assigned exclusively to GMI proceeds. Further activity of the unidentified, commingled onward wallet 0xf4f86e...15b1d7. The amount is not assigned wholly to earlier GMI-derived receipts. Recipient control, exchange customer credit and bank receipt are not established.",2022-10-21 00:00:00,22365809,0x925415a01c808aef0c868b7cc91155caae6fd48a6b9b5a88585b07f569b5e707,0xc590175e458b83680867afd273527ff58f74c02b,0xf4f86e37815217ed73ae817a4e5164d56315b1d7,264.6190099022113,https://bscscan.com/tx/0x925415a01c808aef0c868b7cc91155caae6fd48a6b9b5a88585b07f569b5e707,Available
T222,Onward swap inputs BNB,2022-10-21 10:59:31,BNB,1,266.89797397,266.89797397,1.3713,365.997191705061,Chainlink USD answer available at the immediately preceding completed block; oracle age is recorded. State block 22365808. Oracle observation age 69 seconds.,"Successful outer transaction native value, excluding its gas fee. No exclusive source-of-funds attribution. Further activity of the unidentified, commingled onward wallet 0xf4f86e...15b1d7. The amount is not assigned wholly to earlier GMI-derived receipts. Recipient control, exchange customer credit and bank receipt are not established.",2022-10-21 00:00:00,22365809,0x925415a01c808aef0c868b7cc91155caae6fd48a6b9b5a88585b07f569b5e707,0xf4f86e37815217ed73ae817a4e5164d56315b1d7,0x1a1ec25dc08e98e5e93f1104b5e5cdd298707d31,1,https://bscscan.com/tx/0x925415a01c808aef0c868b7cc91155caae6fd48a6b9b5a88585b07f569b5e707,Available
T223,Onward network fees BNB,2022-10-21 10:59:31,BNB,0.00104583,266.89797397,0.2791299081170451,1.3713,0.3827708430009039,Chainlink USD answer available at the immediately preceding completed block; oracle age is recorded. State block 22365808. Oracle observation age 69 seconds.,"Receipt gasUsed × effectiveGasPrice (or transaction gasPrice). Network charge, not a payment to an identified service customer. Further activity of the unidentified, commingled onward wallet 0xf4f86e...15b1d7. The amount is not assigned wholly to earlier GMI-derived receipts. Recipient control, exchange customer credit and bank receipt are not established.",2022-10-21 00:00:00,22365809,0x925415a01c808aef0c868b7cc91155caae6fd48a6b9b5a88585b07f569b5e707,0xf4f86e37815217ed73ae817a4e5164d56315b1d7,network transaction fee,0.00104583,https://bscscan.com/tx/0x925415a01c808aef0c868b7cc91155caae6fd48a6b9b5a88585b07f569b5e707,Available
T224,Onward wallet transfers USDT,2022-10-21 11:00:21,USDT,60,1,60,1.3713,82.27799999999999,Chainlink USD answer available at the immediately preceding completed block; oracle age is recorded. State block 22365822. Oracle observation age 761 seconds.,"Actual receipt transfer event. The recipient wallet has commingled activity; this leg is not assigned exclusively to GMI proceeds. Further activity of the unidentified, commingled onward wallet 0xf4f86e...15b1d7. The amount is not assigned wholly to earlier GMI-derived receipts. Recipient control, exchange customer credit and bank receipt are not established.",2022-10-21 00:00:00,22365823,0xc0049ad7c17a1de264056335791f2f6527256e2ecd4c2cca594d4bed475f8ade,0xf4f86e37815217ed73ae817a4e5164d56315b1d7,0xba4d665059c97d6baa42e097707a504aecafbf53,60,https://bscscan.com/tx/0xc0049ad7c17a1de264056335791f2f6527256e2ecd4c2cca594d4bed475f8ade,Available
T225,Onward network fees BNB,2022-10-21 11:00:21,BNB,0.000255575,266.99767842,0.06823793166219151,1.3713,0.09357467568836322,Chainlink USD answer available at the immediately preceding completed block; oracle age is recorded. State block 22365822. Oracle observation age 29 seconds.,"Receipt gasUsed × effectiveGasPrice (or transaction gasPrice). Network charge, not a payment to an identified service customer. Further activity of the unidentified, commingled onward wallet 0xf4f86e...15b1d7. The amount is not assigned wholly to earlier GMI-derived receipts. Recipient control, exchange customer credit and bank receipt are not established.",2022-10-21 00:00:00,22365823,0xc0049ad7c17a1de264056335791f2f6527256e2ecd4c2cca594d4bed475f8ade,0xf4f86e37815217ed73ae817a4e5164d56315b1d7,network transaction fee,0.000255575,https://bscscan.com/tx/0xc0049ad7c17a1de264056335791f2f6527256e2ecd4c2cca594d4bed475f8ade,Available
T226,Onward returns to private wallet BNB,2022-11-04 14:25:04,BNB,1,356.07549551,356.07549551,1.3517,481.30724728086693,Chainlink USD answer available at the immediately preceding completed block; oracle age is recorded. State block 22767121. Oracle observation age 63 seconds.,"Successful outer transaction native value, excluding its gas fee. No exclusive source-of-funds attribution. Further activity of the unidentified, commingled onward wallet 0xf4f86e...15b1d7. The amount is not assigned wholly to earlier GMI-derived receipts. Recipient control, exchange customer credit and bank receipt are not established.",2022-11-04 00:00:00,22767122,0x1d511630993eefca8a67f6a63e189a6e25054f340e0d8867a00c6b5fb67cfbf3,0xf4f86e37815217ed73ae817a4e5164d56315b1d7,0x36048413c4edf0cf3e633aab317fcd9824dfb4d4,1,https://bscscan.com/tx/0x1d511630993eefca8a67f6a63e189a6e25054f340e0d8867a00c6b5fb67cfbf3,Available
T227,Onward network fees BNB,2022-11-04 14:25:04,BNB,0.000105,356.07549551,0.037387927028550004,1.3517,0.050537260964491036,Chainlink USD answer available at the immediately preceding completed block; oracle age is recorded. State block 22767121. Oracle observation age 63 seconds.,"Receipt gasUsed × effectiveGasPrice (or transaction gasPrice). Network charge, not a payment to an identified service customer. Further activity of the unidentified, commingled onward wallet 0xf4f86e...15b1d7. The amount is not assigned wholly to earlier GMI-derived receipts. Recipient control, exchange customer credit and bank receipt are not established.",2022-11-04 00:00:00,22767122,0x1d511630993eefca8a67f6a63e189a6e25054f340e0d8867a00c6b5fb67cfbf3,0xf4f86e37815217ed73ae817a4e5164d56315b1d7,network transaction fee,0.000105,https://bscscan.com/tx/0x1d511630993eefca8a67f6a63e189a6e25054f340e0d8867a00c6b5fb67cfbf3,Available
T228,Onward network fees BNB,2022-11-06 13:03:57,BNB,0.00022203,352.15,0.0781878645,1.3517,0.10568653644464998,Chainlink USD answer available at the immediately preceding completed block; oracle age is recorded. State block 22822421. Oracle observation age 12 seconds.,"Receipt gasUsed × effectiveGasPrice (or transaction gasPrice). Network charge, not a payment to an identified service customer. Further activity of the unidentified, commingled onward wallet 0xf4f86e...15b1d7. The amount is not assigned wholly to earlier GMI-derived receipts. Recipient control, exchange customer credit and bank receipt are not established.",2022-11-04 00:00:00,22822422,0x863e6939cdd3ba2bea57965a24a8a378960c4234406aa1dc63f1e1a3a5b896eb,0xf4f86e37815217ed73ae817a4e5164d56315b1d7,network transaction fee,0.00022203,https://bscscan.com/tx/0x863e6939cdd3ba2bea57965a24a8a378960c4234406aa1dc63f1e1a3a5b896eb,Available
T229,Onward swap inputs USDT,2022-11-06 13:03:57,USDT,204.6190099022113,1,204.6190099022113,1.3517,276.583515684819,Chainlink USD answer available at the immediately preceding completed block; oracle age is recorded. State block 22822421. Oracle observation age 549 seconds.,"Actual receipt transfer event. The recipient wallet has commingled activity; this leg is not assigned exclusively to GMI proceeds. Further activity of the unidentified, commingled onward wallet 0xf4f86e...15b1d7. The amount is not assigned wholly to earlier GMI-derived receipts. Recipient control, exchange customer credit and bank receipt are not established.",2022-11-04 00:00:00,22822422,0x2330c9eb0faac11ab9e7fae7d82ec57606bfc71235c92f3d8c6d83e2c278d4bb,0xf4f86e37815217ed73ae817a4e5164d56315b1d7,0xc590175e458b83680867afd273527ff58f74c02b,204.6190099022113,https://bscscan.com/tx/0x2330c9eb0faac11ab9e7fae7d82ec57606bfc71235c92f3d8c6d83e2c278d4bb,Available
T230,Onward swap outputs BUSD,2022-11-06 13:03:57,BUSD,203.0073003098153,1,203.0073003098153,1.3517,274.40496782877733,Chainlink USD answer available at the immediately preceding completed block; oracle age is recorded. State block 22822421. Oracle observation age 69 seconds.,"Actual receipt transfer event. The recipient wallet has commingled activity; this leg is not assigned exclusively to GMI proceeds. Further activity of the unidentified, commingled onward wallet 0xf4f86e...15b1d7. The amount is not assigned wholly to earlier GMI-derived receipts. Recipient control, exchange customer credit and bank receipt are not established.",2022-11-04 00:00:00,22822422,0x2330c9eb0faac11ab9e7fae7d82ec57606bfc71235c92f3d8c6d83e2c278d4bb,0xc590175e458b83680867afd273527ff58f74c02b,0xf4f86e37815217ed73ae817a4e5164d56315b1d7,203.007300309815295969,https://bscscan.com/tx/0x2330c9eb0faac11ab9e7fae7d82ec57606bfc71235c92f3d8c6d83e2c278d4bb,Available
T231,Onward network fees BNB,2022-11-06 13:03:57,BNB,0.000976515,352.15,0.34387975725,1.3517,0.46482226787482495,Chainlink USD answer available at the immediately preceding completed block; oracle age is recorded. State block 22822421. Oracle observation age 12 seconds.,"Receipt gasUsed × effectiveGasPrice (or transaction gasPrice). Network charge, not a payment to an identified service customer. Further activity of the unidentified, commingled onward wallet 0xf4f86e...15b1d7. The amount is not assigned wholly to earlier GMI-derived receipts. Recipient control, exchange customer credit and bank receipt are not established.",2022-11-04 00:00:00,22822422,0x2330c9eb0faac11ab9e7fae7d82ec57606bfc71235c92f3d8c6d83e2c278d4bb,0xf4f86e37815217ed73ae817a4e5164d56315b1d7,network transaction fee,0.000976515,https://bscscan.com/tx/0x2330c9eb0faac11ab9e7fae7d82ec57606bfc71235c92f3d8c6d83e2c278d4bb,Available
T232,Onward returns to private wallet BNB,2022-11-06 13:24:00,BNB,3,352.11,1056.33,1.3517,1427.8412609999998,Chainlink USD answer available at the immediately preceding completed block; oracle age is recorded. State block 22822822. Oracle observation age 69 seconds.,"Successful outer transaction native value, excluding its gas fee. No exclusive source-of-funds attribution. Further activity of the unidentified, commingled onward wallet 0xf4f86e...15b1d7. The amount is not assigned wholly to earlier GMI-derived receipts. Recipient control, exchange customer credit and bank receipt are not established.",2022-11-04 00:00:00,22822823,0x7c279e673b98372f0f6678500f17906b90d70cb7499b7822faba127eae7955df,0xf4f86e37815217ed73ae817a4e5164d56315b1d7,0x36048413c4edf0cf3e633aab317fcd9824dfb4d4,3,https://bscscan.com/tx/0x7c279e673b98372f0f6678500f17906b90d70cb7499b7822faba127eae7955df,Available
T233,Onward network fees BNB,2022-11-06 13:24:00,BNB,0.000105,352.11,0.036971550000000006,1.3517,0.049974444135000004,Chainlink USD answer available at the immediately preceding completed block; oracle age is recorded. State block 22822822. Oracle observation age 69 seconds.,"Receipt gasUsed × effectiveGasPrice (or transaction gasPrice). Network charge, not a payment to an identified service customer. Further activity of the unidentified, commingled onward wallet 0xf4f86e...15b1d7. The amount is not assigned wholly to earlier GMI-derived receipts. Recipient control, exchange customer credit and bank receipt are not established.",2022-11-04 00:00:00,22822823,0x7c279e673b98372f0f6678500f17906b90d70cb7499b7822faba127eae7955df,0xf4f86e37815217ed73ae817a4e5164d56315b1d7,network transaction fee,0.000105,https://bscscan.com/tx/0x7c279e673b98372f0f6678500f17906b90d70cb7499b7822faba127eae7955df,Available
T234,Onward returns to private wallet BNB,2022-11-06 13:29:30,BNB,5,351.785,1758.9250000000002,1.3517,2377.5389225,Chainlink USD answer available at the immediately preceding completed block; oracle age is recorded. State block 22822932. Oracle observation age 42 seconds.,"Successful outer transaction native value, excluding its gas fee. No exclusive source-of-funds attribution. Further activity of the unidentified, commingled onward wallet 0xf4f86e...15b1d7. The amount is not assigned wholly to earlier GMI-derived receipts. Recipient control, exchange customer credit and bank receipt are not established.",2022-11-04 00:00:00,22822933,0x2545cd928d92ca3a529f60d5e49479df9cc513ddce418aa39a9a0f81c0577c32,0xf4f86e37815217ed73ae817a4e5164d56315b1d7,0x36048413c4edf0cf3e633aab317fcd9824dfb4d4,5,https://bscscan.com/tx/0x2545cd928d92ca3a529f60d5e49479df9cc513ddce418aa39a9a0f81c0577c32,Available
T235,Onward network fees BNB,2022-11-06 13:29:30,BNB,0.000105,351.785,0.036937425,1.3517,0.0499283173725,Chainlink USD answer available at the immediately preceding completed block; oracle age is recorded. State block 22822932. Oracle observation age 42 seconds.,"Receipt gasUsed × effectiveGasPrice (or transaction gasPrice). Network charge, not a payment to an identified service customer. Further activity of the unidentified, commingled onward wallet 0xf4f86e...15b1d7. The amount is not assigned wholly to earlier GMI-derived receipts. Recipient control, exchange customer credit and bank receipt are not established.",2022-11-04 00:00:00,22822933,0x2545cd928d92ca3a529f60d5e49479df9cc513ddce418aa39a9a0f81c0577c32,0xf4f86e37815217ed73ae817a4e5164d56315b1d7,network transaction fee,0.000105,https://bscscan.com/tx/0x2545cd928d92ca3a529f60d5e49479df9cc513ddce418aa39a9a0f81c0577c32,Available
T236,Onward returns to private wallet BNB,2022-11-07 07:41:45,BNB,3,333.9625,1001.8874999999999,1.3493,1351.84680375,Chainlink USD answer available at the immediately preceding completed block; oracle age is recorded. State block 22844531. Oracle observation age 6 seconds.,"Successful outer transaction native value, excluding its gas fee. No exclusive source-of-funds attribution. Further activity of the unidentified, commingled onward wallet 0xf4f86e...15b1d7. The amount is not assigned wholly to earlier GMI-derived receipts. Recipient control, exchange customer credit and bank receipt are not established.",2022-11-07 00:00:00,22844532,0x1cf09021110c397c5262eb25a56c5d4a5478d738d3300038608dcb07adaa4f36,0xf4f86e37815217ed73ae817a4e5164d56315b1d7,0x36048413c4edf0cf3e633aab317fcd9824dfb4d4,3,https://bscscan.com/tx/0x1cf09021110c397c5262eb25a56c5d4a5478d738d3300038608dcb07adaa4f36,Available
T237,Onward network fees BNB,2022-11-07 07:41:45,BNB,0.000105,333.9625,0.0350660625,1.3493,0.04731463813125,Chainlink USD answer available at the immediately preceding completed block; oracle age is recorded. State block 22844531. Oracle observation age 6 seconds.,"Receipt gasUsed × effectiveGasPrice (or transaction gasPrice). Network charge, not a payment to an identified service customer. Further activity of the unidentified, commingled onward wallet 0xf4f86e...15b1d7. The amount is not assigned wholly to earlier GMI-derived receipts. Recipient control, exchange customer credit and bank receipt are not established.",2022-11-07 00:00:00,22844532,0x1cf09021110c397c5262eb25a56c5d4a5478d738d3300038608dcb07adaa4f36,0xf4f86e37815217ed73ae817a4e5164d56315b1d7,network transaction fee,0.000105,https://bscscan.com/tx/0x1cf09021110c397c5262eb25a56c5d4a5478d738d3300038608dcb07adaa4f36,Available
T238,Onward wallet transfers BNB,2022-11-07 13:07:05,BNB,0.5,332.81707691,166.408538455,1.3493,224.5350409373315,Chainlink USD answer available at the immediately preceding completed block; oracle age is recorded. State block 22850940. Oracle observation age 73 seconds.,"Successful outer transaction native value, excluding its gas fee. No exclusive source-of-funds attribution. Further activity of the unidentified, commingled onward wallet 0xf4f86e...15b1d7. The amount is not assigned wholly to earlier GMI-derived receipts. Recipient control, exchange customer credit and bank receipt are not established.",2022-11-07 00:00:00,22850941,0xdcd15c3761db237bf135a6733531ccbf8293f7c96197ea782c1cecb3d1822f72,0xf4f86e37815217ed73ae817a4e5164d56315b1d7,0x78d09e1435e1906878621bcb0aaa9d47561214c3,0.5,https://bscscan.com/tx/0xdcd15c3761db237bf135a6733531ccbf8293f7c96197ea782c1cecb3d1822f72,Available
T239,Onward network fees BNB,2022-11-07 13:07:05,BNB,0.000105,332.81707691,0.034945793075550007,1.3493,0.047152358596839625,Chainlink USD answer available at the immediately preceding completed block; oracle age is recorded. State block 22850940. Oracle observation age 73 seconds.,"Receipt gasUsed × effectiveGasPrice (or transaction gasPrice). Network charge, not a payment to an identified service customer. Further activity of the unidentified, commingled onward wallet 0xf4f86e...15b1d7. The amount is not assigned wholly to earlier GMI-derived receipts. Recipient control, exchange customer credit and bank receipt are not established.",2022-11-07 00:00:00,22850941,0xdcd15c3761db237bf135a6733531ccbf8293f7c96197ea782c1cecb3d1822f72,0xf4f86e37815217ed73ae817a4e5164d56315b1d7,network transaction fee,0.000105,https://bscscan.com/tx/0xdcd15c3761db237bf135a6733531ccbf8293f7c96197ea782c1cecb3d1822f72,Available
T240,Onward wallet transfers BNB,2022-11-07 14:00:56,BNB,0.5,328.69401725,164.347008625,1.3493,221.75341873771248,Chainlink USD answer available at the immediately preceding completed block; oracle age is recorded. State block 22851982. Oracle observation age 3 seconds.,"Successful outer transaction native value, excluding its gas fee. No exclusive source-of-funds attribution. Further activity of the unidentified, commingled onward wallet 0xf4f86e...15b1d7. The amount is not assigned wholly to earlier GMI-derived receipts. Recipient control, exchange customer credit and bank receipt are not established.",2022-11-07 00:00:00,22851983,0x2640f592d8b45f512e121a014b7de6b7293aaf8b06785bd388e66d9c13195520,0xf4f86e37815217ed73ae817a4e5164d56315b1d7,0x35b119730f79881dac623dc51c831c6a04cab5f3,0.5,https://bscscan.com/tx/0x2640f592d8b45f512e121a014b7de6b7293aaf8b06785bd388e66d9c13195520,Available
T241,Onward network fees BNB,2022-11-07 14:00:56,BNB,0.000105,328.69401725,0.03451287181125,1.3493,0.04656821793491962,Chainlink USD answer available at the immediately preceding completed block; oracle age is recorded. State block 22851982. Oracle observation age 3 seconds.,"Receipt gasUsed × effectiveGasPrice (or transaction gasPrice). Network charge, not a payment to an identified service customer. Further activity of the unidentified, commingled onward wallet 0xf4f86e...15b1d7. The amount is not assigned wholly to earlier GMI-derived receipts. Recipient control, exchange customer credit and bank receipt are not established.",2022-11-07 00:00:00,22851983,0x2640f592d8b45f512e121a014b7de6b7293aaf8b06785bd388e66d9c13195520,0xf4f86e37815217ed73ae817a4e5164d56315b1d7,network transaction fee,0.000105,https://bscscan.com/tx/0x2640f592d8b45f512e121a014b7de6b7293aaf8b06785bd388e66d9c13195520,Available
T242,Onward swap outputs USDT,2022-11-08 17:18:38,USDT,4832.548709830718,1.0000712,4832.892787298858,1.3441,6495.891195408395,Chainlink USD answer available at the immediately preceding completed block; oracle age is recorded. State block 22884270. Oracle observation age 672 seconds.,"Actual receipt transfer event. The recipient wallet has commingled activity; this leg is not assigned exclusively to GMI proceeds. Further activity of the unidentified, commingled onward wallet 0xf4f86e...15b1d7. The amount is not assigned wholly to earlier GMI-derived receipts. Recipient control, exchange customer credit and bank receipt are not established.",2022-11-08 00:00:00,22884271,0x02fdf877c4901524ace8f5967a5422058d6b00d7fa6d56435de8ffbd5f6cdd1e,0xc590175e458b83680867afd273527ff58f74c02b,0xf4f86e37815217ed73ae817a4e5164d56315b1d7,4832.548709830717364662,https://bscscan.com/tx/0x02fdf877c4901524ace8f5967a5422058d6b00d7fa6d56435de8ffbd5f6cdd1e,Available
T243,Onward swap inputs BNB,2022-11-08 17:18:38,BNB,13,375.69573518,4884.04455734,1.3441,6564.644289520695,Chainlink USD answer available at the immediately preceding completed block; oracle age is recorded. State block 22884270. Oracle observation age 45 seconds.,"Successful outer transaction native value, excluding its gas fee. No exclusive source-of-funds attribution. Further activity of the unidentified, commingled onward wallet 0xf4f86e...15b1d7. The amount is not assigned wholly to earlier GMI-derived receipts. Recipient control, exchange customer credit and bank receipt are not established.",2022-11-08 00:00:00,22884271,0x02fdf877c4901524ace8f5967a5422058d6b00d7fa6d56435de8ffbd5f6cdd1e,0xf4f86e37815217ed73ae817a4e5164d56315b1d7,0x1a1ec25dc08e98e5e93f1104b5e5cdd298707d31,13,https://bscscan.com/tx/0x02fdf877c4901524ace8f5967a5422058d6b00d7fa6d56435de8ffbd5f6cdd1e,Available
T244,Onward network fees BNB,2022-11-08 17:18:38,BNB,0.002130935,375.69573518,0.8005831914457933,1.3441,1.076063867622291,Chainlink USD answer available at the immediately preceding completed block; oracle age is recorded. State block 22884270. Oracle observation age 45 seconds.,"Receipt gasUsed × effectiveGasPrice (or transaction gasPrice). Network charge, not a payment to an identified service customer. Further activity of the unidentified, commingled onward wallet 0xf4f86e...15b1d7. The amount is not assigned wholly to earlier GMI-derived receipts. Recipient control, exchange customer credit and bank receipt are not established.",2022-11-08 00:00:00,22884271,0x02fdf877c4901524ace8f5967a5422058d6b00d7fa6d56435de8ffbd5f6cdd1e,0xf4f86e37815217ed73ae817a4e5164d56315b1d7,network transaction fee,0.002130935,https://bscscan.com/tx/0x02fdf877c4901524ace8f5967a5422058d6b00d7fa6d56435de8ffbd5f6cdd1e,Available
T245,Onward wallet transfers BNB,2022-12-06 10:36:05,BNB,0.017368951262722757,287.85,4.9996526209747465,1.3649,6.824025862368432,Chainlink USD answer available at the immediately preceding completed block; oracle age is recorded. State block 23669709. Oracle observation age 36 seconds.,"Successful outer transaction native value, excluding its gas fee. No exclusive source-of-funds attribution. Further activity of the unidentified, commingled onward wallet 0xf4f86e...15b1d7. The amount is not assigned wholly to earlier GMI-derived receipts. Recipient control, exchange customer credit and bank receipt are not established.",2022-12-06 00:00:00,23669710,0xdbf3b266bfb488139b1a152794957a3c40f627bed7a643215179f696d7179728,0xf4f86e37815217ed73ae817a4e5164d56315b1d7,0x1f88a9bc6301cefe4ac696d69d13a02eded5a62b,0.017368951262722757,https://bscscan.com/tx/0xdbf3b266bfb488139b1a152794957a3c40f627bed7a643215179f696d7179728,Available
T246,Onward network fees BNB,2022-12-06 10:36:05,BNB,0.000105,287.85,0.030224250000000005,1.3649,0.041253078825000004,Chainlink USD answer available at the immediately preceding completed block; oracle age is recorded. State block 23669709. Oracle observation age 36 seconds.,"Receipt gasUsed × effectiveGasPrice (or transaction gasPrice). Network charge, not a payment to an identified service customer. Further activity of the unidentified, commingled onward wallet 0xf4f86e...15b1d7. The amount is not assigned wholly to earlier GMI-derived receipts. Recipient control, exchange customer credit and bank receipt are not established.",2022-12-06 00:00:00,23669710,0xdbf3b266bfb488139b1a152794957a3c40f627bed7a643215179f696d7179728,0xf4f86e37815217ed73ae817a4e5164d56315b1d7,network transaction fee,0.000105,https://bscscan.com/tx/0xdbf3b266bfb488139b1a152794957a3c40f627bed7a643215179f696d7179728,Available
T247,Onward swap outputs BUSD,2022-12-06 11:03:10,BUSD,1428.026315339944,0.99990211,1427.8865258439353,1.3649,1948.9223191243873,Chainlink USD answer available at the immediately preceding completed block; oracle age is recorded. State block 23670243. Oracle observation age 300 seconds.,"Actual receipt transfer event. The recipient wallet has commingled activity; this leg is not assigned exclusively to GMI proceeds. Further activity of the unidentified, commingled onward wallet 0xf4f86e...15b1d7. The amount is not assigned wholly to earlier GMI-derived receipts. Recipient control, exchange customer credit and bank receipt are not established.",2022-12-06 00:00:00,23670244,0xab06d2d16c2eafb08460e7f85fa8e845f817c67d333f926cbc9294b15f362ec4,0xc590175e458b83680867afd273527ff58f74c02b,0xf4f86e37815217ed73ae817a4e5164d56315b1d7,1428.0263153399440365,https://bscscan.com/tx/0xab06d2d16c2eafb08460e7f85fa8e845f817c67d333f926cbc9294b15f362ec4,Available
T248,Onward swap inputs BNB,2022-12-06 11:03:10,BNB,5,288.05,1440.25,1.3649,1965.797225,Chainlink USD answer available at the immediately preceding completed block; oracle age is recorded. State block 23670243. Oracle observation age 69 seconds.,"Successful outer transaction native value, excluding its gas fee. No exclusive source-of-funds attribution. Further activity of the unidentified, commingled onward wallet 0xf4f86e...15b1d7. The amount is not assigned wholly to earlier GMI-derived receipts. Recipient control, exchange customer credit and bank receipt are not established.",2022-12-06 00:00:00,23670244,0xab06d2d16c2eafb08460e7f85fa8e845f817c67d333f926cbc9294b15f362ec4,0xf4f86e37815217ed73ae817a4e5164d56315b1d7,0x1a1ec25dc08e98e5e93f1104b5e5cdd298707d31,5,https://bscscan.com/tx/0xab06d2d16c2eafb08460e7f85fa8e845f817c67d333f926cbc9294b15f362ec4,Available
T249,Onward network fees BNB,2022-12-06 11:03:10,BNB,0.001056155,288.05,0.30422544775000004,1.3649,0.41523731363397504,Chainlink USD answer available at the immediately preceding completed block; oracle age is recorded. State block 23670243. Oracle observation age 69 seconds.,"Receipt gasUsed × effectiveGasPrice (or transaction gasPrice). Network charge, not a payment to an identified service customer. Further activity of the unidentified, commingled onward wallet 0xf4f86e...15b1d7. The amount is not assigned wholly to earlier GMI-derived receipts. Recipient control, exchange customer credit and bank receipt are not established.",2022-12-06 00:00:00,23670244,0xab06d2d16c2eafb08460e7f85fa8e845f817c67d333f926cbc9294b15f362ec4,0xf4f86e37815217ed73ae817a4e5164d56315b1d7,network transaction fee,0.001056155,https://bscscan.com/tx/0xab06d2d16c2eafb08460e7f85fa8e845f817c67d333f926cbc9294b15f362ec4,Available
T250,Onward wallet transfers BNB,2022-12-06 11:30:05,BNB,0.006936496375680644,288.22730745,1.9992876734991158,1.3649,2.7288277455589434,Chainlink USD answer available at the immediately preceding completed block; oracle age is recorded. State block 23670780. Oracle observation age 9 seconds.,"Successful outer transaction native value, excluding its gas fee. No exclusive source-of-funds attribution. Further activity of the unidentified, commingled onward wallet 0xf4f86e...15b1d7. The amount is not assigned wholly to earlier GMI-derived receipts. Recipient control, exchange customer credit and bank receipt are not established.",2022-12-06 00:00:00,23670781,0x779bee4133176e6e6fed539e18560ace9650eab571189fa7bb2c2b2797709ea4,0xf4f86e37815217ed73ae817a4e5164d56315b1d7,0x391a51d884b240908a88e1e757ec42189d294423,0.006936496375680644,https://bscscan.com/tx/0x779bee4133176e6e6fed539e18560ace9650eab571189fa7bb2c2b2797709ea4,Available
T251,Onward network fees BNB,2022-12-06 11:30:05,BNB,0.000105,288.22730745,0.03026386728225,1.3649,0.04130715245354303,Chainlink USD answer available at the immediately preceding completed block; oracle age is recorded. State block 23670780. Oracle observation age 9 seconds.,"Receipt gasUsed × effectiveGasPrice (or transaction gasPrice). Network charge, not a payment to an identified service customer. Further activity of the unidentified, commingled onward wallet 0xf4f86e...15b1d7. The amount is not assigned wholly to earlier GMI-derived receipts. Recipient control, exchange customer credit and bank receipt are not established.",2022-12-06 00:00:00,23670781,0x779bee4133176e6e6fed539e18560ace9650eab571189fa7bb2c2b2797709ea4,0xf4f86e37815217ed73ae817a4e5164d56315b1d7,network transaction fee,0.000105,https://bscscan.com/tx/0x779bee4133176e6e6fed539e18560ace9650eab571189fa7bb2c2b2797709ea4,Available
T252,Onward network fees BNB,2022-12-07 01:05:12,BNB,0.00022203,289.46601448,0.0642701391949944,1.364,0.08766446986197236,Chainlink USD answer available at the immediately preceding completed block; oracle age is recorded. State block 23686694. Oracle observation age 6 seconds.,"Receipt gasUsed × effectiveGasPrice (or transaction gasPrice). Network charge, not a payment to an identified service customer. Further activity of the unidentified, commingled onward wallet 0xf4f86e...15b1d7. The amount is not assigned wholly to earlier GMI-derived receipts. Recipient control, exchange customer credit and bank receipt are not established.",2022-12-07 00:00:00,23686695,0xdc043f84a9e460faaef01d94eafe7d9ceafa4f18d3d5184f3c455d83c9096c4b,0xf4f86e37815217ed73ae817a4e5164d56315b1d7,network transaction fee,0.00022203,https://bscscan.com/tx/0xdc043f84a9e460faaef01d94eafe7d9ceafa4f18d3d5184f3c455d83c9096c4b,Available
T253,Onward swap inputs BTCB,2022-12-07 01:05:12,BTCB,0.02,17056.08,341.12160000000006,1.364,465.2898624000001,"BTCB marked using one BTC of underlying exposure per BTCB and the historical BTC/USD oracle answer at the previous completed block. This wrapped-token basis assumption does not establish an executable BTCB price, redemption or realized USD proceeds. State block 23686694. Oracle observation age 66 seconds.","Actual receipt transfer event. The recipient wallet has commingled activity; this leg is not assigned exclusively to GMI proceeds. Further activity of the unidentified, commingled onward wallet 0xf4f86e...15b1d7. The amount is not assigned wholly to earlier GMI-derived receipts. Recipient control, exchange customer credit and bank receipt are not established.",2022-12-07 00:00:00,23686695,0x2fec8bc59c14e1fc77f5e16d00f3ecb10682e918f1ca8870e18676a5446d6931,0xf4f86e37815217ed73ae817a4e5164d56315b1d7,0xc590175e458b83680867afd273527ff58f74c02b,0.02,https://bscscan.com/tx/0x2fec8bc59c14e1fc77f5e16d00f3ecb10682e918f1ca8870e18676a5446d6931,Available
T254,Onward swap outputs BUSD,2022-12-07 01:05:12,BUSD,337.757008909457,1,337.757008909457,1.364,460.7005601524994,Chainlink USD answer available at the immediately preceding completed block; oracle age is recorded. State block 23686694. Oracle observation age 677 seconds.,"Actual receipt transfer event. The recipient wallet has commingled activity; this leg is not assigned exclusively to GMI proceeds. Further activity of the unidentified, commingled onward wallet 0xf4f86e...15b1d7. The amount is not assigned wholly to earlier GMI-derived receipts. Recipient control, exchange customer credit and bank receipt are not established.",2022-12-07 00:00:00,23686695,0x2fec8bc59c14e1fc77f5e16d00f3ecb10682e918f1ca8870e18676a5446d6931,0xc590175e458b83680867afd273527ff58f74c02b,0xf4f86e37815217ed73ae817a4e5164d56315b1d7,337.75700890945698599,https://bscscan.com/tx/0x2fec8bc59c14e1fc77f5e16d00f3ecb10682e918f1ca8870e18676a5446d6931,Available
T255,Onward network fees BNB,2022-12-07 01:05:12,BNB,0.000930075,289.46601448,0.269225103417486,1.364,0.3672230410614509,Chainlink USD answer available at the immediately preceding completed block; oracle age is recorded. State block 23686694. Oracle observation age 6 seconds.,"Receipt gasUsed × effectiveGasPrice (or transaction gasPrice). Network charge, not a payment to an identified service customer. Further activity of the unidentified, commingled onward wallet 0xf4f86e...15b1d7. The amount is not assigned wholly to earlier GMI-derived receipts. Recipient control, exchange customer credit and bank receipt are not established.",2022-12-07 00:00:00,23686695,0x2fec8bc59c14e1fc77f5e16d00f3ecb10682e918f1ca8870e18676a5446d6931,0xf4f86e37815217ed73ae817a4e5164d56315b1d7,network transaction fee,0.000930075,https://bscscan.com/tx/0x2fec8bc59c14e1fc77f5e16d00f3ecb10682e918f1ca8870e18676a5446d6931,Available
T256,Onward wallet transfers BUSD,2022-12-07 02:32:02,BUSD,6590,0.99999883,6589.9922897,1.364,8988.749483150801,Chainlink USD answer available at the immediately preceding completed block; oracle age is recorded. State block 23688400. Oracle observation age 324 seconds.,"Actual receipt transfer event. The recipient wallet has commingled activity; this leg is not assigned exclusively to GMI proceeds. Further activity of the unidentified, commingled onward wallet 0xf4f86e...15b1d7. The amount is not assigned wholly to earlier GMI-derived receipts. Recipient control, exchange customer credit and bank receipt are not established.",2022-12-07 00:00:00,23688401,0xe404938b865ac88a13af6129c79a0d5e034c4bf279f3102241d6bda76672196d,0xf4f86e37815217ed73ae817a4e5164d56315b1d7,0xba4d665059c97d6baa42e097707a504aecafbf53,6590,https://bscscan.com/tx/0xe404938b865ac88a13af6129c79a0d5e034c4bf279f3102241d6bda76672196d,Available
T257,Onward network fees BNB,2022-12-07 02:32:02,BNB,0.000255575,289.25,0.07392506875,1.364,0.10083379377500001,Chainlink USD answer available at the immediately preceding completed block; oracle age is recorded. State block 23688400. Oracle observation age 9 seconds.,"Receipt gasUsed × effectiveGasPrice (or transaction gasPrice). Network charge, not a payment to an identified service customer. Further activity of the unidentified, commingled onward wallet 0xf4f86e...15b1d7. The amount is not assigned wholly to earlier GMI-derived receipts. Recipient control, exchange customer credit and bank receipt are not established.",2022-12-07 00:00:00,23688401,0xe404938b865ac88a13af6129c79a0d5e034c4bf279f3102241d6bda76672196d,0xf4f86e37815217ed73ae817a4e5164d56315b1d7,network transaction fee,0.000255575,https://bscscan.com/tx/0xe404938b865ac88a13af6129c79a0d5e034c4bf279f3102241d6bda76672196d,Available
T258,Onward wallet transfers USDT,2022-12-07 02:32:55,USDT,6410,1,6410,1.364,8743.24,Chainlink USD answer available at the immediately preceding completed block; oracle age is recorded. State block 23688416. Oracle observation age 854 seconds.,"Actual receipt transfer event. The recipient wallet has commingled activity; this leg is not assigned exclusively to GMI proceeds. Further activity of the unidentified, commingled onward wallet 0xf4f86e...15b1d7. The amount is not assigned wholly to earlier GMI-derived receipts. Recipient control, exchange customer credit and bank receipt are not established.",2022-12-07 00:00:00,23688417,0x68b04457378b7185c1a584699ef89eae0145337b78e7aad06e666d7c7e0c3369,0xf4f86e37815217ed73ae817a4e5164d56315b1d7,0xba4d665059c97d6baa42e097707a504aecafbf53,6410,https://bscscan.com/tx/0x68b04457378b7185c1a584699ef89eae0145337b78e7aad06e666d7c7e0c3369,Available
T259,Onward network fees BNB,2022-12-07 02:32:55,BNB,0.000255635,289.32,0.0739603182,1.364,0.1008818740248,Chainlink USD answer available at the immediately preceding completed block; oracle age is recorded. State block 23688416. Oracle observation age 12 seconds.,"Receipt gasUsed × effectiveGasPrice (or transaction gasPrice). Network charge, not a payment to an identified service customer. Further activity of the unidentified, commingled onward wallet 0xf4f86e...15b1d7. The amount is not assigned wholly to earlier GMI-derived receipts. Recipient control, exchange customer credit and bank receipt are not established.",2022-12-07 00:00:00,23688417,0x68b04457378b7185c1a584699ef89eae0145337b78e7aad06e666d7c7e0c3369,0xf4f86e37815217ed73ae817a4e5164d56315b1d7,network transaction fee,0.000255635,https://bscscan.com/tx/0x68b04457378b7185c1a584699ef89eae0145337b78e7aad06e666d7c7e0c3369,Available
T260,Onward swap outputs USDT,2023-05-16 09:55:56,USDT,3398.645844082231,1.0002021,3399.3327104073205,1.3456,4574.14209512409,Chainlink USD answer available at the immediately preceding completed block; oracle age is recorded. State block 28257552. Oracle observation age 219 seconds.,"Actual receipt transfer event. The recipient wallet has commingled activity; this leg is not assigned exclusively to GMI proceeds. Further activity of the unidentified, commingled onward wallet 0xf4f86e...15b1d7. The amount is not assigned wholly to earlier GMI-derived receipts. Recipient control, exchange customer credit and bank receipt are not established.",2023-05-16 00:00:00,28257553,0xcad217ad6766e48d3ada3297272b3b1f441067ffde02334468447fde0b1b3e60,0xc590175e458b83680867afd273527ff58f74c02b,0xf4f86e37815217ed73ae817a4e5164d56315b1d7,3398.645844082231,https://bscscan.com/tx/0xcad217ad6766e48d3ada3297272b3b1f441067ffde02334468447fde0b1b3e60,Available
T261,Onward swap inputs BNB,2023-05-16 09:55:56,BNB,11,311.77566439,3429.5323082899995,1.3456,4614.778674035023,Chainlink USD answer available at the immediately preceding completed block; oracle age is recorded. State block 28257552. Oracle observation age 9 seconds.,"Successful outer transaction native value, excluding its gas fee. No exclusive source-of-funds attribution. Further activity of the unidentified, commingled onward wallet 0xf4f86e...15b1d7. The amount is not assigned wholly to earlier GMI-derived receipts. Recipient control, exchange customer credit and bank receipt are not established.",2023-05-16 00:00:00,28257553,0xcad217ad6766e48d3ada3297272b3b1f441067ffde02334468447fde0b1b3e60,0xf4f86e37815217ed73ae817a4e5164d56315b1d7,0x1a1ec25dc08e98e5e93f1104b5e5cdd298707d31,11,https://bscscan.com/tx/0xcad217ad6766e48d3ada3297272b3b1f441067ffde02334468447fde0b1b3e60,Available
T262,Onward network fees BNB,2023-05-16 09:55:56,BNB,0.000582534,311.77566439,0.18161992487976425,1.3456,0.24438777091821076,Chainlink USD answer available at the immediately preceding completed block; oracle age is recorded. State block 28257552. Oracle observation age 9 seconds.,"Receipt gasUsed × effectiveGasPrice (or transaction gasPrice). Network charge, not a payment to an identified service customer. Further activity of the unidentified, commingled onward wallet 0xf4f86e...15b1d7. The amount is not assigned wholly to earlier GMI-derived receipts. Recipient control, exchange customer credit and bank receipt are not established.",2023-05-16 00:00:00,28257553,0xcad217ad6766e48d3ada3297272b3b1f441067ffde02334468447fde0b1b3e60,0xf4f86e37815217ed73ae817a4e5164d56315b1d7,network transaction fee,0.000582534,https://bscscan.com/tx/0xcad217ad6766e48d3ada3297272b3b1f441067ffde02334468447fde0b1b3e60,Available
